href,title,publish_date,content,keyword
https://cafef.vn/thu-phu-cong-nghiep-cua-viet-nam-don-tin-vui-hon-20-du-an-lon-sap-do-bo-von-dau-tu-du-kien-hon-17-ty-usd-188250103070650794.chn,"""Thủ phủ công nghiệp"" của Việt Nam đón tin vui: Hơn 20 dự án lớn sắp đổ bộ, vốn đầu tư dự kiến hơn 1,7 tỷ USD",03-01-2025 - 07:06 AM,"TIN MỚITại buổi lễ, Chủ tịch UBND tỉnh Võ Văn Minh gửi lời cảm ơn đến các nhà đầu tư đã chọn Bình Dương để đầu tư phát triển, mong muốn các nhà đầu tư tiếp tục chung tay đồng hành với tỉnh quyết tâm đạt mục tiêu tăng trưởng 2 con số trong năm 2025 và những năm tiếp theo.Lãnh đạo tỉnh trao Quyết định chấp thuận chủ trương đầu tư cho các nhà đầu tư.Bên cạnh đó, lãnh đạo tỉnh đã trao Quyết định chấp thuận chủ trương đầu tư cho 20 dự án và trao giấy chứng nhận đăng ký đầu tư cho 3 dự án với tổng vốn đầu tư đăng ký hơn 1,7 tỷ đô la Mỹ.Trong đó, có những dự án có vốn lớn như: Công ty Cổ phần QP Township hơn 3.800 tỷ đồng; Công ty Cổ phần bất động sản Bắc Bình Dương với dự án khu nhà ở Bình Mỹ hơn 3.700 tỷ đồng; Công ty TNHH tổ chức nhà quốc gia Vĩnh Phú với dự án đầu tư xây dựng nhà ở khu phức hợp Starview hơn 3.400 tỷ đồng; Công ty Cổ phần bất động sản Tân Việt Phát với dự án khu cao ốc căn hộ Tân Việt Phát hơn 3.200 tỷ đồng…Về dự án điện, Bình Dương cũng trao Quyết định chấp thuận chủ trương đầu tư cho tổng Công ty truyền tải điện Quốc gia với dự án trạm biến áp 220kv Bến Cát 2 và các đường dây đấu nối có tổng vốn đầu tư hơn 1.100 tỷ đồng; Tổng Công ty truyền tải điện Quốc gia với dự án trạm biến áp 220kv Bình Mỹ và đấu nối có tổng vốn đầu tư 441 tỷ đồng; Tổng Công ty điện lực Miền Nam với dự án lộ ra 110kv trạm 220kv Tân Định 2 có tổng vốn đầu tư 247 tỷ đồng.Về dự án khu công nghiệp, lãnh đạo tỉnh trao Quyết định chấp thuận chủ trương đầu tư cho Công ty ​​cổ phần Công nghiệp An Điền với dự án đầu tư xây dựng và kinh doanh cơ sở hạ tầng kỹ thuật Khu công nghiệp Rạch Bắp mở rộng 360 ha, tổng vốn đầu tư hơn 1.000 tỷ đồng.Lãnh đạo tỉnh cũng trao giấy chứng nhận đăng ký đầu tư cho 3 dự án: Công ty TNHH đầu tư và thương mại Vista có tổng vốn đầu tư 253 tỉ đồng; Công ty TNHH thực phẩm Farina hoạt động trong lĩnh vực sản xuất và gia công sản xuất xe đạp có tổng vốn đầu tư 170 tỷ đồng; Công ty TNHH in bao bì Toàn Phát hoạt động trong lĩnh vực sản xuất giấy nhăn, bìa nhăn, bao bì từ giấy và bìa có tổng vốn đầu tư 150 tỷ đồng.",vốn đầu tư
https://cafef.vn/bac-giang-sap-co-them-khu-cong-nghiep-rong-gan-103-ha-voi-von-dau-tu-hon-1400-ty-dong-188241229090352027.chn,Bắc Giang sắp có thêm khu công nghiệp rộng gần 103 ha với vốn đầu tư hơn 1.400 tỷ đồng,29-12-2024 - 09:01 AM,"TIN MỚIPhó Thủ tướng Trần Hồng Hà đã ký quyết định về chủ trương đầu tư dự án đầu tư xây dựng và kinh doanh kết cấu hạ tầng khu công nghiệp Xuân Cẩm - Hương Lâm giai đoạn 1, tỉnh Bắc Giang.﻿Theo đó, Phó Thủ tướng cũng chấp thuận nhà đầu tư là Công ty cổ phần đầu tư hạ tầng S-Dragon.Quy mô diện tích của dự án 102,85 ha; địa điểm thực hiện tại các xã Xuân Cẩm, Hương Lâm, huyện Hiệp Hòa, tỉnh Bắc Giang; vốn đầu tư 1.467,5 tỷ đồng, trong đó vốn góp của nhà đầu tư là 234,8 tỷ đồng.Thời hạn hoạt động của dự án là 50 năm kể từ ngày được quyết định giao đất, cho thuê đất, chuyển mục đích sử dụng đất.Bộ Kế hoạch và Đầu tư chịu trách nhiệm về những nội dung được giao thẩm định chủ trương đầu tư dự án và thực hiện quản lý nhà nước về khu công nghiệp theo quy định của pháp luật về đầu tư và pháp luật có liên quan.Các Bộ, ngành có liên quan chịu trách nhiệm về nội dung thẩm định chủ trương đầu tư dự án thuộc chức năng, nhiệm vụ của mình theo quy định của pháp luật về đầu tư và pháp luật có liên quan.Bộ Tài nguyên và Môi trường chịu trách nhiệm thẩm định báo cáo đánh giá tác động môi trường của dự án theo quy định của pháp luật về môi trường, trong đó lưu ý việc xả thải của khu công nghiệp Xuân Cẩm - Hương Lâm và công tác bảo vệ môi trường của nhà đầu tư trong quá trình triển khai Dự án, đảm bảo không ảnh hưởng đến nguồn nước sông Cầu.UBND tỉnh Bắc Giang chịu trách nhiệm tổ chức xây dựng và thực hiện phương án thu hồi đất, bồi thường, hỗ trợ, tái định cư, chuyển đổi mục đích sử dụng đất, cho thuê đất để thực hiện dự án phù hợp với các văn bản đã được cấp có thẩm quyền phê duyệt về quy mô diện tích, địa điểm và tiến độ thực hiện dự án; đảm bảo không có tranh chấp, khiếu kiện về quyền sử dụng địa điểm thực hiện dự án; bổ sung diện tích đất chuyên trồng lúa bị mất hoặc tăng hiệu quả sử dụng đất trồng lúa theo quy định tại điểm b, khoản 4, Điều 182 Luật Đất đai.UBND tỉnh Bắc Giang cũng được giao chỉ đạo Ban Quản lý các khu công nghiệp tỉnh Bắc Giang và các cơ quan có liên quan theo dõi, giám sát quá trình triển khai thực hiện dự án.Giám sát chặt chẽ nhà đầu tư trong việc tuân thủ quy định của pháp luật về bảo vệ môi trường trong quá trình xây dựng, vận hành và thu hút đầu tư vào khu công nghiệp, đảm bảo không ảnh hưởng đến nguồn nước sông Cầu.Đảm bảo việc sử dụng nước, xả nước thải vào nguồn nước của Dự án phù hợp với quy định của pháp luật về bảo vệ môi trường và pháp luật về tài nguyên nước; thu hút các dự án đầu tư sử dụng công nghệ hiện đại, thân thiện với môi trường, ít thâm dụng lao động và tài nguyên.﻿Công ty cổ phần đầu tư hạ tầng S-Dragon (nhà đầu tư) chịu trách nhiệm trước pháp luật về tính hợp pháp, chính xác, trung thực của nội dung hồ sơ dự án và văn bản gửi cơ quan nhà nước có thẩm quyền; tuân thủ quy định của pháp luật trong việc thực hiện dự án theo Quyết định này; thực hiện đầu tư xây dựng hệ thống kết cấu hạ tầng theo quy hoạch xây dựng khu công nghiệp Xuân Cẩm - Hương Lâm được cấp có thẩm quyền phê duyệt; chịu mọi rủi ro, chi phí và chịu hoàn toàn trách nhiệm.Công ty cổ phần đầu tư hạ tầng S-Dragon có trách nhiệm nộp một khoản tiền để Nhà nước bổ sung diện tích đất chuyên trồng lúa bị mất hoặc tăng hiệu quả sử dụng đất trồng lúa theo quy định tại điểm b khoản 4 Điều 182 Luật Đất đai và Điều 12 Nghị định số 112/2024/NĐ-CP ngày 11/9/2024 của Chính phủ quy định chi tiết về đất trồng lúa.Thực hiện đầy đủ các thủ tục về bảo vệ môi trường theo quy định; ký quỹ hoặc phải có bảo lãnh ngân hàng về nghĩa vụ ký quỹ để đảm bảo thực hiện dự án…﻿",vốn đầu tư
https://cafef.vn/chiem-doat-hon-100-ty-dong-bang-chieu-lua-gop-von-dau-tu-bat-dong-san-188241227084404207.chn,Chiếm đoạt hơn 100 tỷ đồng bằng chiêu lừa góp vốn đầu tư bất động sản,27-12-2024 - 08:43 AM,"TIN MỚINgày 26/12, Phòng Cảnh sát kinh tế (Công an     Hà Tĩnh    ) có quyết định khởi tố bị can, bắt tạm giam Đỗ Hạnh (SN 1987) và vợ Trần Thị Quỳnh Nhi (SN 1991, cùng trú TP Hồ Chí Minh) về tội “     Lừa đảo    chiếm đoạt tài sản"".Theo điều tra, Hạnh là Tổng Giám đốc Công ty CP đầu tư thương mại bất động sản DHGROUP ở xã Đông Thạnh, huyện Hóc Môn, TP Hồ Chí Minh, còn vợ anh ta là Phó tổng giám đốc công ty.Từ tháng 10/2021, vợ chồng Hạnh đã dựng lên mô hình công ty kinh doanh,     đầu tư bất động sản    , sử dụng pháp nhân công ty để huy động tiền của các nhà đầu tư dưới dạng hợp đồng thỏa thuận vay vốn, hợp đồng góp vốn.Hai đối tượng bị bắt giữ.Để tạo lòng tin, cặp vợ chồng     xây dựng    hình ảnh công ty thông qua mạng Internet là công ty chuyên kinh doanh bất động sản, sở hữu nhiều bất động sản, dự án trên cả nước, có quy mô, chi nhánh hoạt động trên nhiều tỉnh thành.Sau đó, Hạnh và Nhi tiếp tục thành lập 2 công ty khác có địa chỉ ở tỉnh Thừa Thiên - Huế và TP Đà Nẵng và 12 chi nhánh, văn phòng đại diện tại các địa phương khác trên cả nước để tổ chức các hội thảo, hội nghị, sự kiện để quảng bá hình ảnh,     kêu gọi góp vốn.Hai đối tượng còn đào tạo các cộng tác viên với chính sách trả tiền môi giới cao (từ 2 đến 7%/giá trị hợp đồng góp vốn) để trả cho những người giới thiệu, đưa ra mức trả lãi suất cao (24-40%/năm) cam kết trả gốc, lãi theo tuần, tháng cho các nhà đầu tư khi góp vốn vào công ty. Cặp đôi còn sử dụng pháp nhân công ty để ký các bản hợp đồng góp vốn.Khi nhà đầu tư góp vốn, Hạnh và Nhi không hoạt động kinh doanh mà sử dụng vào mục đích cá nhân; trả gốc, lãi cho các cá nhân ký kết hợp đồng thỏa thuận vay vốn, đầu tư với công ty (lấy tiền của người sau trả cho người trước), trả tiền % hoa hồng cho đại diện văn phòng, cộng tác viên…Công an xác định, Hạnh và Nhi đã lừa đảo nhiều cá nhân trên các tỉnh, thành phố nộp tiền vào công ty để chiếm đoạt hơn 100 tỷ đồng.Hiện, Phòng Cảnh sát Kinh tế (Công an tỉnh Hà Tĩnh) thông báo những ai là nạn nhân của     đường dây lừa đảo    trên nhanh chóng liên hệ, trình báo để được phối hợp giải quyết.",vốn đầu tư
https://cafef.vn/ttc-land-muon-phat-hanh-850-ty-dong-trai-phieu-de-gop-von-dau-tu-vao-du-an-khu-phuc-hop-vinh-dam-phu-quoc-188241226113544049.chn,TTC Land muốn phát hành 850 tỷ đồng trái phiếu để góp vốn đầu tư vào dự án khu phức hợp Vịnh Đầm (Phú Quốc),26-12-2024 - 11:35 AM,"SCR:Giá hiện tạiThay đổiXem hồ sơ doanh nghiệpTIN MỚIPhối cảnh tổng thể toàn dự án Khu phức hợp Vịnh Đầm (TP. Phú Quốc).CTCP Địa ốc Sài Gòn Thương Tín - TTC Land (HOSE: SCR) vừa công bố chủ trương phát hành trái phiếu hợp tác đầu tư dự án trọng điểm. Theo đó, TTC Land muốn phát hành 850 tỷ đồng trái phiếu riêng lẻ, mệnh giá 100 triệu đồng/trái phiếu, kỳ hạn 60 tháng.Số tiền thu về dùng để đầu tư khu resort nghỉ dưỡng A4-1 và đất phức hợp dịch vụ du lịch - lưu trú B1-9 thuộc dự án khu phức hợp Vịnh Đầm (Phú Quốc) do Công ty Toàn Hải Vân làm chủ đầu tư, theo hình thức hợp tác đầu tư.Trái phiếu này không chuyển đổi, không kèm chứng quyền, có bảo lãnh thanh toán của tổ chức tín dụng Ngân hàng TMCP Phương Đông (OCB) và đồng thời có quyền mua lại trước hạn.Lãi suất năm đầu là 8,5%, biên lãi suất tốt 3,6% các kỳ điều chỉnh, kỳ hạn phát hành là 5 năm so với 3 năm ở các doanh nghiệp cùng ngành. Thời gian phát hành dự kiến trong tháng 12, giải ngân chậm nhất hết quý I năm sau.TTC Land cho rằng, đây là dự án có tiềm năng phát triển và mang lại lợi nhuận cao, là bước đi chiến lược giúp công ty gia tăng doanh thu và lợi nhuận trong tương lai.﻿Liên quan đến khu phức hợp Vịnh Đầm, TTC Land cũng thông qua chủ trương ký hợp đồng hợp tác đầu tư với Toàn Hải Vân, giá trị vốn góp 2.245 tỷ đồng, thời gian hợp tác 5 năm, phân chia lợi nhuận trên tỷ lệ hợp tác thực tế của mỗi bên.﻿Dự án Khu phức hợp Vịnh Đầm với tổng mức đầu tư toàn dự án dự kiến là 3.579 tỷ đồng, sản phẩm bao gồm tổ hợp resort nghỉ dưỡng kết hợp dịch vụ du lịch – lưu trú tại thành phố Phú Quốc.Động thái này giúp TTC Land đa dạng hoá lĩnh vực hoạt động chuyển hướng đầu tư vào các lĩnh vực ít chịu tác động trong giai đoạn chờ bất động sản dân dụng phục hồi.Cùng với việc tăng vốn thành công từ 3.957 tỷ đồng lên 4.306 tỷ đồng qua hoán đổi nợ với 3 chủ nợ, TTC Land triển khai chiến lược thanh khoản triệt để, chuyển nhượng tài sản và danh mục đầu tư kém hiệu quả để tạo nguồn lực.TTC Landcho biết, việc phát hành trái phiếu nhằm đầu tư vào dự án bất động sản nghỉ dưỡng trọng điểm tại Phú Quốc đánh dấu bước tiến quan trọng trong kế hoạch đa dạng hóa quỹ đất của công ty.Hiện tại, ngoài 163 ha quỹ đất dân dụng tại TP.HCM và các tỉnh phía Nam đang hoàn thiện pháp lý, TTC Land còn mở rộng quỹ đất khu công nghiệp trong chiến lược giai đoạn 2026-2030. Đặc biệt, việc hợp tác phát triển dòng sản phẩm nghỉ dưỡng với mức giá hợp lý tại Phú Quốc trong 2-3 năm tới thể hiện tầm nhìn rõ ràng của công ty.Theo các chuyên gia, phân khúc bất động sản nghỉ dưỡng tại Việt Nam nói chung và Phú Quốc nói riêng được dự đoán sẽ có tiềm năng phát triển mạnh mẽ trong 2-3 năm tới.Tiềm năng phát triển nhờ vào sự phục hồi du lịch quốc tế và nội địa, Phú Quốc dự kiến đón gần 6 triệu lượt khách trong năm 2024, vượt qua mốc 5,1 triệu lượt khách trước đại dịch Covid-19. Lượng khách quốc tế ước đạt 962.000 lượt, tăng hơn 70% so với cùng kỳ.Bên cạnh đó, chính sách ưu đãi và phát triển hạ tầng, hướng tới mục tiêu trở thành đô thị loại I vào năm 2025, đặc biệt Phú Quốc đã được công nhận là thành phố đảo đầu tiên của Việt Nam, điều kiện để thu hút vốn đầu tư lớn từ cả trong nước và quốc tế, tạo nền tảng vững chắc cho sự phát triển của thị trường bất động sản nghỉ dưỡng.Đồng thời, nhu cầu sở hữu second-home và bất động sản nghỉ dưỡng tăng cao. Sự tham gia của các tập đoàn lớn (Vingroup, Sun Group, BIM Group, CEO Group,..) tại Phú Quốc. Hơn nữa, Phú Quốc sở hữu lợi thế tiềm năng tăng giá trị dài hạn do đất vẫn còn dư địa tăng giá với lý do nguồn cung hạn chế, trong khi nhu cầu ngày càng cao.Theo dự báo của giới chuyên môn, từ quý II/2025, thị trường bất động sản nghỉ dưỡng Phú Quốc sẽ bước qua điểm đảo chiều và khởi sắc. Các sản phẩm như đất nền và biệt thự dự án được kỳ vọng sẽ thu hút sự quan tâm của nhà đầu tư. Đồng thời, việc áp dụng các chính sách đặc thù, như miễn thị thực cho du khách trong 30 ngày, sẽ tiếp tục thúc đẩy du lịch và tạo động lực cho thị trường bất động sản nghỉ dưỡng Phú Quốc.﻿Với tiềm năng bất động sản nghỉ dưỡng giai đoạn 2025-2027, TTC Land đã lựa chọn “Đảo Ngọc” Phú Quốc làm trọng tâm, cụ thể là dự án Khu phức hợp Vịnh Đầm hợp tác cùng CTCP Toàn Hải Vân. Đây được xem là chiến lược đón đầu xu hướng và tối ưu giá trị đầu tư trong lĩnh vực nghỉ dưỡng.",vốn đầu tư
https://cafef.vn/no-so-huu-nhieu-thua-dat-gia-tri-cao-o-tphcm-va-da-nang-nhieu-nguoi-tin-gop-von-dau-tu-thu-loi-nhuan-cac-nan-nhan-bi-chiem-doat-62-ty-dong-188241222115550727.chn,"""Nổ"" sở hữu nhiều thửa đất giá trị cao ở TP.HCM và Đà Nẵng: Nhiều người tin góp vốn đầu tư thu lợi nhuận, các nạn nhân bị chiếm đoạt 6,2 tỷ đồng",22-12-2024 - 11:54 AM,"TIN MỚICơ quan Công an đọc lệnh bắt khẩn cấp đối với Nguyễn Giang Chung. (Ảnh: Công an Thừa Thiên Huế)Theo thông tin từ Công an Thừa Thiên Huế, ngày 21/12, Phòng Cảnh sát hình sự Công an tỉnh cho biết: Đơn vị vừa phá thành công chuyên án, bắt khẩn cấp một đối tượng về hành vi Lừa đảo chiếm đoạt tài sản.Đối tượng bị bắt giữ là Nguyễn Giang Chung, sinh năm: 1995, trú tại: 856/37 Tôn Đức Thắng, Quận Liên Chiểu, Thành Phố Đà Nẵng.Theo hồ sơ điều tra, bằng thủ đoạn đưa ra thông tin gian dối về việc sở hữu các thửa đất có giá trị cao ở TP.HCM và TP Đà Nẵng, đối tượng Nguyễn Giang Chung đã kêu gọi các bị hại góp vốn đầu tư thu lợi nhuận để chiếm đoạt tài sản.Quá trình điều tra bước đầu xác định đối tượng Chung đã chiếm đoạt của các bị hại trên địa bàn Thừa Thiên Huế số tiền 6,2 tỷ đồng.Hiện Phòng Cảnh sát hình sự đang tiếp tục củng cố hồ sơ mở rộng vụ án.",vốn đầu tư
https://cafef.vn/mot-cong-ty-lau-doi-tai-ha-noi-giam-von-dau-tu-vao-cong-ty-con-de-danh-thuong-tet-cho-hang-tram-nhan-vien-188241219112252316.chn,Một công ty lâu đời tại Hà Nội giảm vốn đầu tư vào công ty con để dành thưởng Tết cho hàng trăm nhân viên,19-12-2024 - 11:22 AM,"TTG:Giá hiện tạiThay đổiXem hồ sơ doanh nghiệpTIN MỚICTCP May Thanh Trì (mã TTG) vừa công bố nghị quyết HĐQT về việc giảm tỷ lệ vốn góp vào công ty con là CTCP May Thanh Trì TTG từ 60% xuống 49%.TTG cho biết đang gặp một số khó khăn về dòng tiền, chưa kể chi thưởng Tết cho CBCNV dịp cuối năm nên nguồn lực hạn chế, dẫn đến chưa thể hoàn thành góp đủ vốn theo cam kết ban đầu 5,94 tỷ đồng.Việc giảm vốn để đảm bảo tuân thủ đúng các quy định pháp luật về vốn góp trong công ty cổ phần và tránh vi phạm cam kết. Điều này phù hợp với thực trạng hiện tại của công ty và không ảnh hưởng đến vai trò của TTG với tư cách cổ đông lớn.May Thanh Trì TTG là công ty thứ 2 được TTG thành lập trong năm nay. Trước đó, TTG đã thành lập công ty con khác là CTCP May Thanh Trì Phú Thọ có vốn điều lệ 10 tỷ đồng. Đáng chú ý, TTG đã quyết định rút vốn chỉ sau vài tháng với lý do thấy chiến lược phát triển công ty con này không còn phù hợp.Trong một diễn biến khác, TTG mới đây đã chào bán riêng lẻ thành công 1,4 triệu cổ phiếu cho các nhà đầu tư chuyên nghiệp. Số tiền huy động được 14 tỷ đồng dùng để thanh toán một số khoản nợ, bao gồm tiền lương cho CBCNV trong quý 3 và tiền bảo hiểm xã hội. Sau đợt phát hành, một số lãnh đạo công ty đã trở thành cổ đông lớn. Cổ phiếu chào bán bị hạn chế chuyển nhượng 1 năm.TTG tiền thân là Xí nghiệp may xuất khẩu Thanh Trì được thành lập từ năm 1992 tại Hà Nội, trước khi được cổ phần hóa năm 2008. Thời kỳ đỉnh cao, công ty từng có gần 1.800 lao động vào năm 2003. Tuy nhiên, con số này đã giảm còn khoảng 188 người cuối năm 2023.TTG không công bố thông tin BCTC hàng quý. Theo BCTC kiểm toán năm 2023, công ty ghi nhận doanh thu đạt 33,4 tỷ đồng, tăng 22,3% so với cùng kỳ năm trước. Lợi nhuận sau thuế đạt 1,8 tỷ đồng, khả quan hơn nhiều so với mức lỗ gần 1,6 tỷ năm 2022.Trước khi có lãi trở lại trong năm qua, TTG đã lỗ 3 năm liên tiếp giai đoạn 2020-2022 với số lỗ giảm dần. Tính đến cuối năm 2023, công ty vẫn còn lỗ luỹ kế 15,5 tỷ đồng. Vốn chủ sở hữu còn khoảng 5,8 tỷ trong khi vốn điều lệ ở mức 20 tỷ đồng.Thời điểm cuối năm 2023, tổng tài sản của TTG ở mức 12,2 tỷ đồng, tăng 37% sau một năm. Trong đó, tài sản chủ yếu là các khoản phải thu ngắn hạn (5,4 tỷ đồng) và đầu tư vào liên doanh, liên kết (4 tỷ đồng). Công ty vay nợ gần 1,3 tỷ đồng, toàn bộ là nợ ngắn hạn trong khi tiền mặt chỉ còn chưa đến 1 tỷ đồng.",vốn đầu tư
https://cafef.vn/chi-la-nhan-vien-cong-ty-xo-so-nhung-di-cong-tac-co-tai-xe-rieng-tieu-xai-sang-chanh-nhieu-nguoi-tin-gop-von-dau-tu-co-nan-nhan-mat-17-ty-dong-188241211213848276.chn,"Chỉ là nhân viên công ty xổ số nhưng đi công tác có tài xế riêng, tiêu xài ""sang chảnh"": Nhiều người tin góp vốn đầu tư, có nạn nhân mất 1,7 tỷ đồng",11-12-2024 - 21:38 PM,"TIN MỚIĐối tượng tại cơ quan công anVăn phòng Cơ quan Cảnh sát điều tra Công an tỉnh Phú Yên vừa ra quyết định khởi tố vụ án, khởi tố bị can và thi hành lệnh bắt tạm giam Trần Ngọc Hạ Quỳnh (SN 1987, trú khu phố Long Hải, phường Xuân Phú, thị xã Sông Cầu, Phú Yên) để điều tra về tội danh “Lừa đảo chiếm đoạt tài sản” theo khoản 4 điều 174 Bộ luật hình sự.Trước đó, do mua bán và đầu tư kinh doanh thua lỗ cùng các khoản tiêu xài, nợ nần lên đến hơn 2 tỷ đồng, Trần Ngọc Hạ Quỳnh đã dùng mạng xã hội Facebook, Zalo mời gọi nhiều người góp vốn để Quỳnh mua, đổi vé số kiến thiết trúng thưởng với tỷ lệ hưởng chênh lệch cao.Thấy Trần Ngọc Hạ Quỳnh chỉ là nhân viên một công ty Xổ số kiến thiết tại khu vực miền Trung nhưng mỗi lần đi công tác đều có tài xế riêng lái ô tô đưa đón, diện đồ hiệu và tiêu xài sang chảnh nên nhiều người tưởng thật, chuyển tiền góp vốn “đầu tư”.Với chiêu trò lấy vé số trúng làm “mồi nhử”, chỉ trong vòng hơn một tháng, từ 7/3 đến 10/4/2023, Trần Ngọc Hạ Quỳnh đã giăng bẫy lừa chiếm đoạt của nhiều bị hại ở các tỉnh Lâm Đồng, Bình Định, Bình Dương, TP. HCM .. hơn 3,1 tỷ đồng, trong đó có cả chủ đại lý vé số kiến thiết, người thân của nhân viên công ty xổ số và tài xế mà nữ quái thường xuyên thuê lái xe đưa đón. Tiền chiếm đoạt, đối tượng trả nợ và tiêu xài mua sắm cá nhân.Chi tiết cách ẩn tài khoản Zalo, chặn người lạ kết bạn qua nhóm chung, số điện thoại, danh thiếp…",vốn đầu tư
https://cafef.vn/khoi-cong-cum-cong-nghiep-co-von-dau-tu-1000-ti-dong-tai-binh-duong-188241206153402704.chn,Khởi công cụm công nghiệp có vốn đầu tư 1.000 tỉ đồng tại Bình Dương,06-12-2024 - 16:00 PM,"TIN MỚINgày 6-12, tại huyện Phú Giáo, tỉnh Bình Dương đã diễn ra lễ động thổ Cụm Công nghiệp Tam Lập 2 có quy mô 50 ha, với tổng vốn đầu tư ban đầu khoảng 1.000 tỉ đồng.Ông Nguyễn Chí Trung, Chủ tịch Tập đoàn Gia Định (chủ đầu tư Cụm Công nghiệp Tam Lập 2) cam kết sẽ hoàn thành đúng tiến độ, dự kiến đưa vào khai thác quý II-2025.Tại buổi lễ, Chủ đầu tư đã ký kết biên bản ghi nhớ hợp tác với một số doanh nghiệp đang tìm hiểu cơ hội đầu tư tại Cụm Công nghiệp Tam Lập 2.Cụm Công nghiệp này sẽ sử dụng công nghệ sản xuất tiên tiến, hiện đại, giảm phát thải khí nhà kính và hướng đến mục tiêu phát triển kinh tế xã hội bền vững. Cụm này cũng được kỳ vọng sẽ đón luồng doanh nghiệp đầu tiên di dời từ phía Nam lên.Phát biểu tại buổi lễ, ông Mai Hùng Dũng, Phó Chủ tịch Thường trực UBND tỉnh Bình Dương đề nghị chủ đầu tư triển khai xây dựng dự án theo đúng tiến độ, chất lượng mà UBND tỉnh đã phê duyệt.Cụm Công nghiệp Tam Lập 2 có vị trí thuận lợi khi có tuyến đường tạo lực Bắc Tân Uyên- Phú Giáo- Bàu Bàu kết nối với các khu công nghiệp và tỉnh Bình PhướcTheo ông Mai Hùng Dũng, với môi trường đầu tư thông thoáng và hấp dẫn, năm 2024 Bình Dương vẫn là một trong số những tỉnh, thành dẫn đầu cả nước về thu hút vốn FDI. Đến nay, Bình Dương đã vươn lên đứng thứ 2 cả nước về thu hút vốn FDI, với hơn 4.300 dự án được cấp Giấy chứng nhận đăng ký đầu tư còn hiệu lực, tổng vốn đầu tư đăng ký hơn gần 43 tỉ USD, chiếm hơn 8,6% tổng vốn FDI cả nước.Tiến độ dự án cảng hàng không 5.800 tỷ của Liên danh T&T và CIENCO4",vốn đầu tư
https://cafef.vn/quoc-gia-dna-hut-can-dong-von-dau-tu-chat-ban-dan-lap-dac-khu-kinh-te-voi-singapore-sap-thai-nghen-mot-he-sinh-thai-cong-nghe-moi-188241204150711922.chn,"Quốc gia ĐNÁ hút cạn dòng vốn đầu tư chất bán dẫn: Lập đặc khu kinh tế với Singapore, sắp ‘thai nghén’ một hệ sinh thái công nghệ mới",04-12-2024 - 16:21 PM,"TIN MỚIĐược biết đến là “Đảo Silicon” nhờ năng lực sản xuất, Penang, Malaysia hiện đang tập trung vào nỗ lực thống trị các lĩnh vực công nghệ giá trị cao, bao gồm chất bán dẫn và thiết bị y tế, trong bối cảnh chuỗi cung ứng toàn cầu thay đổi tạo ra những cơ hội mới.Chính quyền địa phương gần đây đã công bố sáng kiến Silicon Design @5km+, tự định vị Penang là trung tâm toàn cầu về thiết kế mạch tích hợp (IC) và đổi mới kỹ thuật số. Một hệ sinh thái mới trong bán kính hơn 5 km tính từ Khu công nghiệp tự do Bayan Lepas đang được đặt rất nhiều kỳ vọng.Trọng tâm của sáng kiến này là Công viên thiết kế và kỹ thuật số Penang IC. Dự kiến sẽ chính thức ra mắt vào thứ Bảy, công viên công nghiệp mới có khoảng 93.000 mét vuông không gian văn phòng dành riêng cho thiết kế IC, nghiên cứu, phát triển cũng như đầu tư vào công nghệ số.“Sáng kiến này không chỉ là cơ sở hạ tầng. Điều này nhằm thúc đẩy một hệ sinh thái đổi mới phát triển mạnh mẽ”, Bộ trưởng Chính quyền Penang Chow Kon Yeow cho biết trong một cuộc phỏng vấn với Nikkei Asia. Ông nói thêm rằng sáng kiến này đóng vai trò như một nền tảng hỗ trợ các công ty thiết kế chip.Trong bối cảnh căng thẳng địa chính trị giữa Mỹ và Trung Quốc leo thang, Penang nổi lên như một vùng đất trung lập, hưởng lợi từ xu hướng toàn cầu về đa dạng hóa chuỗi cung ứng, đồng thời thu hút đầu tư từ cả các nhà sản xuất chất bán dẫn của Mỹ lẫn Trung Quốc.“Các chính sách kiểu như ‘Mỹ+ 1’, ‘Trung Quốc + 1’ đã giúp Penang trở thành điểm đến lý tưởng cho các khoản đầu tư vào chất bán dẫn”, Chow cho biết. Ông cũng chỉ ra rằng nhu cầu ngày càng tăng đối với xe điện và số hóa đã thúc đẩy sự tăng trưởng của ngành công nghiệp chất bán dẫn, lưu ý rằng thị trường chất bán dẫn toàn cầu dự kiến sẽ đạt 1 nghìn tỷ USD vào năm 2030. Theo Cơ quan Phát triển Đầu tư Malaysia (MIDA), Malaysia chiếm 13% thị trường thế giới về đóng gói, lắp ráp và thử nghiệm chip.Hành trình phát triển chất bán dẫn của Penang bắt đầu vào những năm 1970 với sự xuất hiện của các tập đoàn đa quốc gia như Intel, Bosch và Hewlett-Packard. Chow cho biết ngày nay, Penang cung cấp hơn một nửa lượng hàng điện và điện tử xuất khẩu của Malaysia. Tiểu bang đã chuyển trọng tâm từ lắp ráp và thử nghiệm trong những năm gần đây.Từ khâu sản xuất chất bán dẫn đến các hoạt động tiên tiến hơn như thiết kế và đóng gói IC, Penang tiếp nhận hơn 350 công ty đa quốc gia và hơn 4.000 doanh nghiệp vừa và nhỏ, chỉ riêng trong ngành liên quan đến chất bán dẫn.“Mặc dù có quy mô nhỏ, nhưng Penang bao gồm gần như toàn bộ chuỗi giá trị IC”, Chow cho biết.Theo MIDA, Penang là một trong những điểm đến đầu tư hàng đầu của Malaysia, cùng với Kuala Lumpur, Selangor, gần thủ đô và tiểu bang Johor ở phía nam. Tham vọng của Penang không chỉ giới hạn ở chất bán dẫn. Tiểu bang này đang nhắm đến một số công nghệ y tế, đồng thời tận dụng mạng lưới các công ty đa quốc gia và các doanh nghiệp vừa, nhỏ tại địa phương.“Chúng tôi đang chuyển hướng sang chẩn đoán y tế, các giải pháp chăm sóc sức khỏe dựa trên Internet vạn vật và các công nghệ điều trị chính xác”, Chow cho biết.Các công ty hàng đầu thế giới như Abbott của Mỹ và Boston Scientific neo giữ hệ sinh thái công nghệ y tế của Penang, trong khi cơ sở trị giá 2,83 tỷ ringgit (634 triệu USD) của Dexcom tại khu vực Batu Kawan của Penang nhấn mạnh tiềm năng tăng trưởng của công ty. Nhà máy rộng 900.000 foot vuông khai trương vào ngày 12 tháng 11, cơ sở đầu tiên của công ty bên ngoài nước Mỹ, đã củng cố vị thế của Penang như một trung tâm mới nổi về đầu tư công nghệ y tế tiên tiến.“Chất bán dẫn luôn là thế mạnh lớn nhất của chúng tôi. Trong 10 năm qua, chúng tôi cũng thúc đẩy công nghệ y tế và thiết bị y tế. Chiến lược này giúp chúng tôi đa dạng hóa”, Loo Lee Lian, Tổng giám đốc điều hành của InvestPenang cho biết.Malaysia đã nổi lên, hay đúng hơn là tái nổi lên, như một điểm đến cho giới đầu tư chip khi các công ty như Intel và Infineon Technologies tìm cách đa dạng hóa hoạt động sản xuất. Kể từ khi Intel mở cửa nhà máy lắp ráp nước ngoài đầu tiên tại Penang vào năm 1972, Malaysia đã đóng một vai trò quan trọng trong ngành công nghiệp chip toàn cầu. Hiện tại, đây là nhà xuất khẩu chất bán dẫn lớn thứ sáu thế giới, đồng thời là nước đóng góp lớn nhất cho nhập khẩu chất bán dẫn của Mỹ với mức tăng trưởng hơn 20% giá trị hàng năm, nhiều hơn Đài Loan, Hàn Quốc và Nhật Bản.“Hiện nay có nhiều quỹ đầu tư mạo hiểm tập trung vào Malaysia. Chúng tôi khuyến khích những tài năng như vậy”, Wong Siew Hai, chủ tịch Hiệp hội Công nghiệp Bán dẫn Malaysia, nói.Theo báo cáo của Cushman & Wakefield, Malaysia hiện đứng đầu danh sách các thị trường trung tâm dữ liệu tăng trưởng nhanh nhất châu Á. Nghiên cứu của Morgan Stanley dự đoán quốc gia này sẽ chiếm phần lớn thị trường trung tâm dữ liệu Đông Nam Á xét về năng lực vào năm 2035 nhờ vị trí địa lý gần Singapore.Tuy nhiên, thu hút và giữ chân nhân tài không phải là thách thức duy nhất đối với ngành công nghiệp chip đang phát triển của Malaysia. Đầu tư đang bùng nổ ở Penang, song khu vực này vẫn phụ thuộc nhiều vào các công ty đa quốc gia nước ngoài. Theo dữ liệu của chính phủ, bang này đã thu hút 60,1 tỷ ringgit (12,65 tỷ USD) đầu tư trực tiếp nước ngoài vào năm 2023, trong khi đầu tư trong nước chỉ dao động ở mức khoảng 3 tỷ ringgit trong những năm qua, nhỏ hơn đáng kể so với mức FDI.“FDI là một điều tốt, nhưng nó cũng có một số nhược điểm”, Giám đốc điều hành Experior Eugene Khoo, một cựu đồng nghiệp Intel khác của những người sáng lập Oppstar và SkyeChip, cho biết.Hiện tại, quốc vương Malaysia ủng hộ nỗ lực gắn kết tiểu bang của mình với Singapore trong một khu vực kinh tế duy nhất, dự kiến bao gồm các khoản giảm thuế và thương mại xuyên biên giới thuận lợi. Malaysia kỳ vọng bang Johor có thể trở thành một phần không thể thiếu của nền kinh tế kỹ thuật số khu vực, cũng giống như Thâm Quyến đã từng đóng góp cho sự tăng trưởng sản xuất của Trung Quốc.“Johor có thể trở thành Thâm Quyến của Đông Nam Á”, Tengku Zafrul Aziz, Bộ trưởng Đầu tư, Thương mại và Công nghiệp Malaysia, cho biết. “Ngành công nghiệp trung tâm dữ liệu có thể tạo thành xương sống cho quá trình chuyển đổi rộng lớn hơn của tiểu bang thành một cường quốc sản xuất công nghệ cao”.Theo: Nikkei AsiaMột quốc gia ĐNÁ sắp thành 'cường quốc xe điện': Nhắm sản xuất 600.000 xe/năm, xuất khẩu sang 54 nước, nắm trong tay lượng 'vàng trắng' khổng lồ",vốn đầu tư
https://cafef.vn/van-bi-che-it-apple-dinh-tang-gap-10-lan-von-dau-tu-de-ban-iphone-16-tai-mot-thi-truong-dong-nam-a-18824120409274392.chn,"Vẫn bị ‘chê’ ít, Apple định tăng gấp 10 lần vốn đầu tư để bán iPhone 16 tại một thị trường Đông Nam Á",04-12-2024 - 10:42 AM,"TIN MỚIBộ trưởng Bộ Đầu tư Indonesia Rosan Roeslani cho biết gã khổng lồ công nghệ Apple đã bày tỏ ý định đầu tư 1 tỷ USD nhằm gỡ lệnh cấm bán iPhone 16 tại quốc gia Đông Nam Á này.Mức vốn trên gấp 10 lần số tiền Apple đề xuất đầu tư vào Indonesia trong tháng trước, tờ Nikkei Asia đưa tin.Phát biểu tại phiên điều trần của ủy ban thuộc Quốc hội vào thứ Ba (3/12), Bộ trưởng Roeslani cho biết chính phủ dự kiến sẽ nhận được đề xuất đầu tư chính thức từ Apple vào cuối tuần này.Hiện tại, Apple vẫn chưa xin được giấy phép bán iPhone 16 tại Indonesia do không đáp ứng được yêu cầu về tỷ lệ nội địa hóa. Indonesia yêu cầu tất cả các thiết bị điện tử có kết nối di động phải chứa ít nhất 35% linh kiện được sản xuất trong nước.Ban đầu, Apple đề nghị đầu tư 10 triệu USD bên cạnh các cam kết đầu tư trước đó. Khi bị Indonesia từ chối, gã khổng lồ công nghệ đã tăng lên 100 triệu USD. Nhưng đề nghị này cũng bị từ chối tiếp do thiếu “nguyên tắc công bằng”, Bộ Công nghiệp Indonesia cho biết.Indonesia hiện chỉ có 1 nhà cung ứng cho Apple, trái ngược hoàn toàn với các nước láng giềng trong khu vực. Theo danh sách nhà cung ứng của Apple năm 2023, Việt Nam có 35, Thái Lan có 24 và Malaysia có 19.Theo Nikkei Asia﻿Không chỉ là đối thủ đáng gờm của Tesla, gã khổng lồ từ Trung Quốc còn tạo ‘chân rết’ trong Apple: Sử dụng hơn 1 vạn kỹ sư, 10 vạn nhân viên chỉ để làm việc cho Nhà Táo",vốn đầu tư
https://cafef.vn/sieu-du-an-ong-tap-can-binh-ap-u-hut-luong-von-dau-tu-ky-luc-188241128125853187.chn,Siêu dự án ông Tập Cận Bình ấp ủ hút lượng vốn đầu tư kỷ lục,28-11-2024 - 12:58 PM,"TIN MỚITờSCMPđưa tin, để tài trợ cho siêu đô thị tương lai, một trong những dự án tâm huyết của Chủ tịch Trung Quốc Tập Cận Bình trong gần 10 năm qua, nước này đã đẩy nhanh việc phát hành trái phiếu đặc biệt có kỳ hạn cực dài, với mục đích đảm bảo thành phố rộng lớn này ""về cơ bản sẽ hoàn thành"" vào năm 2035.Hàng trăm tỷ nhân dân tệ đã được đầu tư vào việc xây dựng khu đô thị mới Hùng An ở tỉnh Hà Bắc, Trung Quốc. (Ảnh: Tân Hoa Xã)Theo đó, chính quyền khu đô thị mới Hùng An thuộc tỉnh Hà Bắc, cách thủ đô Bắc Kinh của Trung Quốc khoảng 100 km về phía nam, trong quý 3 vừa qua bán 5 đợt trái phiếu chính phủ, tất cả đều dành riêng cho mục đích phát triển khu vực này.5 đợt phát hành huy động được hơn 14 tỷ nhân dân tệ (tương đương 1,9 tỷ USD), đánh dấu quý sôi động nhất về tài trợ xây dựng trong sáu năm kể từ khi phát hành trái phiếu cho khu đô thi mới này.Hầu hết các trái phiếu sẽ đáo hạn sau 30 năm, với lãi suất hàng năm dao động từ 2,23% - 2,52%, theo thông tin trênCelma.org.cn, nền tảng quốc gia công bố thông tin nợ chính quyền địa phương. Một lô trái phiếu kỳ hạn 20 năm cũng đã được phát hành, với lợi suất là 2,47%.Lãi suất trái phiếu này rất gần với mức lãi suất của trái phiếu chính phủ Trung Quốc cùng kỳ hạn.Kể từ khi được mệnh danh là “thành phố tương lai” của Trung Quốc vào năm 2017, khu đô thị mới Hùng An phát hành tổng cộng 246,3 tỷ nhân dân tệ (33,99 tỷ USD) trái phiếu đặc biệt.Truyền thông nhà nước Trung Quốc cho biết tính đến tháng 10 năm nay, hơn 760 tỷ nhân dân tệ (104,89 tỷ USD) đã được đầu tư vào việc xây dựng thành phố, bao gồm đường sá, khu dân cư, trường học, bệnh viện và một nhà ga đường sắt cao tốc kết nối thủ đô Bắc Kinh với thành phố cảng lớn Thiên Tân.Khu đô thị mới Hùng An được xem là thành phố kiểu mẫu nhằm giải quyết vấn đề đô thị hóa quá mức ở Trung Quốc. (Ảnh: Baidu)Nằm ở trung tâm của cụm đô thị Bắc Kinh - Thiên Tân - Hà Bắc, khu đô thị mới Hùng An ban đầu được thiết kế để giảm áp lực dân số lên khu vực thủ đô đồng thời thúc đẩy phát triển khu vực.Tuy nhiên, các nhà hoạch định chính sách đặt tham vọng lớn hơn, mong muốn xây dựng nơi đây trở thành thành phố thân thiện với môi trường và đổi mới sáng tạo.Theo kế hoạch xây dựng, Hùng An “về cơ bản phát triển thành một thành phố xã hội chủ nghĩa hiện đại” vào năm 2035. Đến giữa thế kỷ 21, nếu mọi việc diễn ra đúng như kế hoạch, nơi này sẽ được xem là thành phố kiểu mẫu nhằm giải quyết vấn đề đô thị hóa quá mức ở Trung Quốc.Siêu đô thị mới có dân số chính thức khoảng 1,2 triệu người thường trú tính đến hết năm 2023. Dù vậy, tờSCMPghi nhận đường phố hiện có rất ít người qua lại và nhiều không gian thương mại vẫn còn bỏ trống.Tuy nhiên, các công ty môi giới bất động sản và trường mẫu giáo cho biết các hoạt động trong khu vực đang gia tăng, dấu hiệu cho thấy khả năng ngày càng nhiều cư dân Bắc Kinh chuẩn bị chuyển đến đây.Một số tập đoàn công nghiệp nhà nước, bao gồm Tập đoàn Mạng lưới Vệ tinh Trung Quốc (China Satellite Network Group), đã đặt trụ sở tại Hùng An. Khoảng 300 doanh nghiệp nhà nước cũng thành lập chi nhánh tại thành phố này và một số trường đại học ở Bắc Kinh có kế hoạch mở thêm cơ sở tại đây.TheoHà Bắc Nhật Báo, khu đô thị mới Hùng An đang được hưởng mức lãi suất tài trợ doanh nghiệp thấp nhất trong tỉnh. Siêu đô thị này cũng đi đầu trong việc sử dụng đồng nhân dân tệ điện tử để thanh toán cho các hợp đồng mua sắm của chính phủ.",vốn đầu tư
https://cafef.vn/thanh-vien-nha-fecon-duoc-chap-thuan-chu-truong-dau-tu-kcn-rong-256-ha-von-dau-tu-hon-3700-ty-dong-o-bac-giang-188241126150542503.chn,"Thành viên ""nhà"" Fecon được chấp thuận chủ trương đầu tư KCN rộng 256 ha, vốn đầu tư hơn 3.700 tỷ đồng ở Bắc Giang",26-11-2024 - 14:59 PM,"TIN MỚIPhó Thủ tướng Trần Hồng Hà vừa ký quyết định về chủ trương đầu tư dự án đầu tư xây dựng và kinh doanh kết cấu hạ tầng khu công nghiệp Hòa Yên, tỉnh Bắc Giang.Cụ thể, Phó Thủ tướng chấp thuận chủ trương đầu tư; đồng thời chấp thuận nhà đầu tư Dự án là Công ty cổ phần Fecon Hòa Yên. Dự án có quy mô hơn 256 ha được đầu tư 3.745 tỷ đồng (trong đó vốn góp của nhà đầu tư là 561,8 tỷ đồng).Dự án thực hiện tại xã Đông Lỗ, huyện Hiệp Hòa và xã Tiên Sơn, Trung Sơn, Hương Mai, thị xã Việt Yên, tỉnh Bắc Giang. Thời hạn hoạt động của dự án là 50 năm kể từ ngày được chấp thuận chủ trương đầu tư.Phó Thủ tướng yêu cầu Bộ Kế hoạch và Đầu tư chịu trách nhiệm về những nội dung được giao thẩm định chủ trương đầu tư dự án và thực hiện quản lý nhà nước về khu công nghiệp theo quy định của pháp luật về đầu tư và pháp luật có liên quan.Các Bộ, ngành có liên quan chịu trách nhiệm về nội dung thẩm định chủ trương đầu tư dự án thuộc chức năng, nhiệm vụ của mình theo quy định của pháp luật về đầu tư và pháp luật có liên quan.Chủ đầu tư được giao đảm bảo đủ vốn chủ sở hữu theo cam kết để thực hiện dự án theo đúng tiến độ; cụ thể hóa phương án vay vốn bằng hợp đồng tín dụng; ký quỹ hoặc phải có bảo lãnh ngân hàng về nghĩa vụ ký quỹ để thực hiện dự án; việc vay tín dụng tại tổ chức tín dụng, phát hành trái phiếu doanh nghiệp (nếu cần thiết) để thực hiện dự án phải đáp ứng điều kiện quy định của pháp luật về kinh doanh bất động sản.﻿Theo tìm hiểu, CTCP FECON Hòa Yên thành lập ngày 13/09/2022, hoạt động chính trong lĩnh vực kinh doanh bất động sản, quyền sử dụng đất thuộc chủ sở hữu, chủ sử dụng hoặc đi thuê. Trụ sở chính Công ty đặt tại phường Dĩnh Kế, TP Bắc Giang, tỉnh Bắc Giang.Thời điểm thành lập, FECON Hòa Yên có vốn điều lệ 600 tỷ đồng, với 3 cổ đông sáng lập gồm một cổ đông tổ chức là CTCP Đầu tư Fecon (55%) - công ty con thuộc CTCP Fecon (Mã: FCN) và hai cá nhân là ông Phùng Tiến Trung (Chủ tịch HĐQT kiêm đại diện pháp luật) nắm 30% và ông Muôn Văn Chiến nắm 15%.Ngày 26/12/2022, FECON Hòa Yên bất ngờ giảm vốn điều lệ còn 50 tỷ đồng, trong đó Chủ tịch Phùng Tiến Trung trở thành cổ đông lớn nhất nắm 49% vốn, còn lại CTCP Đầu tư FECON nắm 36% và ông Muôn Văn Chiến nắm 15%. Nhưng đến ngày 04/04/2023, Công ty lại tăng vốn trở lại mốc 600 tỷ đồng, cơ cấu sở hữu không được công bố.Đến ngày 13/06/2023, trụ sở chính Công ty thay đổi về xã Lương Phong, huyện Hiệp Hòa, tỉnh Bắc Giang.﻿Chủ tịch HĐQT kiêm người đại diện theo pháp luật công ty hiện nay là ông Phùng Tiến Trung.Theo BCTC soát xét bán niên 2024 của CTCP FECON (HOSE: FCN), Đầu tư FECON được ghi nhận là công ty con trực tiếp của FCN với tỷ lệ sở hữu 90.52% vốn, còn FECON Hòa Yên là công ty liên kết gián tiếp với tỷ lệ biểu quyết 36%, tỷ lệ lợi ích 32.59%.",vốn đầu tư
https://cafef.vn/tinh-thuoc-nga-ba-vung-trong-diem-du-lich-quoc-gia-sap-co-khu-do-thi-bien-rong-hon-54ha-von-dau-tu-gan-17800-ty-dong-188241125143609724.chn,"Tỉnh thuộc ngã ba vùng trọng điểm du lịch quốc gia sắp có khu đô thị biển rộng hơn 54ha, vốn đầu tư gần 17.800 tỷ đồng",25-11-2024 - 14:36 PM,"TIN MỚITheo Báo cáo Đánh giá tác động môi trường, dự án Khu đô thị Biển Bình Sơn - Ninh Chữ thuộc địa phận phường Mỹ Bình, thành phố Phan Rang - Tháp Chàm, tỉnh Ninh Thuận có diện tích là 54,09 ha. Trong đó, Khu đô thị biển khoảng 42,0 ha và Khu tái định cư, chuyển đổi nghề khoảng 12,09 ha, được phân thành 2 khu:Khu 1: Khu đất dành cho xây dựng Khu đô thị mới (khu K2) có diện tích khoảng 42 ha. Phía Đông giáp đường Yên Ninh; phía Tây giáp khu Trung tâm trưng bày Nhà máy Điện Hạt nhân và công viên cây xanh; phía Nam hầu hết giáp đường Bùi Thị Xuân (đường quy hoạch) và một phần giáp đường 16 tháng 4; phía Bắc giáp khu Quy hoạch chuyên gia hạt nhân và Lữ đoàn đặc công nước V.Khu 2: Khu đất phục vụ tái định cư, chuyển đổi nghề 12,09 ha, gồm 02 khu. Khu 2.1 có diện tích 10,49 ha là khu tái định cư, chuyển đổi nghề dự án K2 (bao gồm khu mở rộng 0,8ha bên phải đường Đặng Quang Cầm đến giáp tường rào Đoàn đặc công). Và Khu 2.2 có quy mô 1,6 ha (phần diện tích này được mở rộng thêm và thuộc khu tái định cư dự án Khu vận hành điện hạt nhân).Dự án Khu đô thị Biển Bình Sơn - Ninh Chữ có quy mô dân số khoảng 7.200 người, trong đó khu 1 khoảng 4.300 người. Tổng vốn đầu tư gần 17.800 đồng, trong đó chi phí bồi thường, giải phóng mặt bằng là hơn 485 tỷ đồng.Các hạng mục công trình chính bao gồm: nhà ở riêng lẻ (biệt thự, liền kề), chung cư, nhà ở xã hội...Chủ đầu tư là Công ty Cổ phần Đầu tư Hacom Holdings, có địa chỉ trụ sở chính tại Tầng 5 tháp B, nhà CT2, đường Tố Hữu, phường Trung Văn, Quận Nam Từ Liêm, TP. Hà Nội.﻿Được biết, tỉnh Ninh Thuận có tiềm năng lớn về du lịch, nằm ở ngã ba vùng trọng điểm du lịch quốc gia (Đà Lạt - Phan Rang - Nha Trang). Đồng thời, sở hữu nhiều bãi tắm đẹp, nổi tiếng như Ninh Chữ, Cà Ná, Vĩnh Hy, Bình Tiên, Mũi Dinh và Nam Cương gắn với các vùng sinh thái đặc thù.",vốn đầu tư
https://cafef.vn/thi-xa-chuan-bi-len-thanh-pho-tang-truong-kinh-te-dat-238-thu-hut-von-dau-tu-dang-ky-tren-12-ty-usd-188241124145322101.chn,"Thị xã chuẩn bị lên thành phố tăng trưởng kinh tế đạt 23,8%, thu hút vốn đầu tư đăng ký trên 1,2 tỷ USD",24-11-2024 - 14:55 PM,"TIN MỚIThị xã Quảng Yên (Ảnh: Ảnh: Cổng thông tin điện tử TX. Quảng Yên)Theo Cổng thông tin điện tử thị xã Quảng Yên, ngày 22/11, UBND thị xã đã tổ chức phiên họp thường kỳ tháng 11 với sự chủ trì của ông Trần Đức Thắng - Chủ tịch UBND thị xã.Tại phiên họp, các đại biểu tập trung nghiên cứu, thảo luận và cho ý kiến vào Dự thảo báo cáo tình hình kinh tế - xã hội, quốc phòng - an ninh năm 2024, mục tiêu, nhiệm vụ năm 2025; đánh giá tình hình thực hiện nhiệm vụ KTXH, an ninh quốc phòng tháng 11, triển khai nhiệm vụ tháng 12 năm 2024.Dự thảo báo cáo cho biết, tình hình kinh tế - xã hội, quốc phòng - an ninh năm 2024 của thị xã Quảng Yên tiếp tục có sự phát triển toàn diện trên tất cả các lĩnh vực, đã có nhiều chỉ tiêu đã hoàn thành và vượt mức kế hoạch đề ra.Ông Trần Đức Thắng, Chủ tịch UBND thị xã Quảng Yên phát biểu chỉ đạo tại phiên họp (Ảnh: Cổng thông tin điện tử thị xã Quảng Yên)Cụ thể, tăng trưởng kinh tế thị xã Quảng Yên tăng 23,8% so với cùng kỳ. Trong đó, ngành công nghiệp - xây dựng tăng 24,1%, ngành dịch vụ tăng 32,6% so với cùng kỳ.Về thu ngân sách, Quảng Yên đã hoàn thành dự toán tỉnh giao trước 40 ngày, với số thu ngân sách đạt 1.272 tỷ đồng, bằng 100% dự toán thị xã giao, tăng 35% so với cùng kỳ. Kết quả này có được nhờ có sự chỉ đạo, điều hành quyết liệt ngay từ đầu năm, do vậy mặc dù gặp không ít khó khăn, nhưng với việc triển khai nghiêm túc 7 kế hoạch của UBND tỉnh về quản lý thu ngân sách, tổng thu ngân sách.Năm 2024, các khu Công nghiệp đã thu hút đầu tư được 22 dự án FDI với diện tích sử dụng đất đăng ký trên 137ha, số vốn đầu tư đăng ký khoảng 1.239 triệu USD vào địa bàn thị xã.Phát biểu kết luận phiên họp, ông Trần Đức Thắng, Chủ tịch UBND thị xã Quảng Yên ghi nhận, đánh giá cao nỗ lực của các cơ quan, đơn vị, địa phương trong thực hiện nhiệm vụ tháng 11 và cả năm 2024.Đặc biệt, Chủ tịch UBND thị xã đánh giá cao nỗ lực trong việc triển khai các giải pháp sớm ổn định cuộc sống, khôi phục sản xuất kinh doanh sau bão số 3 đã làm thiệt hại nặng nề về kinh tế, tài sản của người dân.Bên cạnh những kết quả đạt được, Chủ tịch UBND Quảng Yên lưu ý, bức tranh tổng thể phát triển kinh tế - xã hội của thị xã chưa được như mong muốn, hậu quả bão số 3 để lại đã khiến hầu hết các lĩnh vực bị ảnh hưởng, tăng trưởng kinh tế giảm so với mục tiêu đã đề ra.Tuy nhiên, với tinh thần tự lực, kiên cường vượt khó, Quảng Yên đã tập trung cho các mũi nhọn kinh tế tiêu biểu, cụ thể hóa các chỉ đạo để vận hành hiệu quả các giải pháp phục hồi kinh tế trên cơ sở bám sát bối cảnh thực tế của Thị xã.Tuy nhiên, trong công tác quản lý nhà nước vẫn còn những sơ hở và những tồn tại; đặc biệt là công tác quản lý đất đai, xây dựng, quản lý quy hoạch.Về nhiệm cụ thể, ông Trần Đức Thắng yêu cầu các cơ quan, đơn vị,  địa phương rà soát lại các chỉ tiêu, nhiệm vụ trong năm 2024 để xem những chỉ tiêu nào còn thiếu thì phấn đấu hoàn thành toàn diện mục tiêu, kế hoạch đã đề ra.Cùng với đó, Quảng Yên tập trung chỉ đạo đảm bảo giải ngân vốn đầu tư công cấp xã, cấp phường, đảm bảo giải ngân 100% theo đúng chỉ đạo….Đối với dự thảo Báo cáo tổng kết năm 2024 và cho cả nhiệm kỳ, Chủ tịch UBND TX. Quảng Yên yêu cầu các cơ quan chuyên môn phối hợp với Chi cục Thống kê thị xã rà soát, đánh giá, phân tích lại số liệu, cũng như các chỉ tiêu liên quan đến nhiệm vụ phát triển lên thành phố, nhằm đảm bảo yếu tố khách quan cũng như những thành quả của các cơ quan, đơn vị đã nỗ lực phấn đấu thực hiện trong từng năm, để tổng hợp báo cáo.Theo Quy hoạch tỉnh Quảng Ninh thời kỳ 2021-2030, tầm nhìn đến năm 2050, thị xã Quảng Yên được định hướng trở thành thành phố trực thuộc tỉnh.Mới đây, ngày 21/10/2024, UBND tỉnh Quảng Ninh đã ban hành Quyết định số 3033/ QĐ- UBND, ngày 21/10/ 2024 về việc giao quyền cho UBND thị xã Quảng Yên thực hiện xây dựng Đề án thành lập phường Hiệp Hòa, phường Tiền An và đưa thị xã này trở thành thành phố trực thuộc tỉnh.",vốn đầu tư
https://cafef.vn/mot-tinh-cach-ha-noi-240-km-sap-van-hanh-nha-may-san-xuat-o-to-dau-tien-tong-von-dau-tu-hon-8000-ty-dong-cong-suat-120000-xe-nam-188241123163817801.chn,"Một tỉnh cách Hà Nội 240 km sắp vận hành nhà máy sản xuất ô tô đầu tiên, tổng vốn đầu tư hơn 8.000 tỷ đồng, công suất 120.000 xe/năm",23-11-2024 - 16:38 PM,"TIN MỚITheo Cổng thông tin điện tử tỉnh Quảng Ninh, sau 2 năm thi công, nhà máy ô tô Thành Công Việt Hưng, tọa lạc tại Khu công nghiệp Việt Hưng (thành phố Hạ Long, tỉnh Quảng Ninh), đã hoàn thiện và sẵn sàng chạy thử từ cuối năm nay. Dự kiến, nhà máy sẽ chính thức đi vào hoạt động sản xuất từ đầu năm 2025.Với công suất thiết kế đạt 120.000 xe/năm, nhà máy được xây dựng trên diện tích 36,5 ha, thuộc Tổ hợp Công nghiệp ô tô và phụ trợ Thành Công Việt Hưng (quy mô diện tích 340 ha) và vốn đầu tư lên tới 8.679 tỷ đồng.Đây là nhà máy đầu tiên tại Việt Nam và Đông Nam Á chuyên lắp ráp, sản xuất ô tô mang thương hiệu Škoda Auto - thương hiệu ô tô lớn nhất của Cộng hòa Séc - đồng thời cũng là dự án nhà máy ô tô đầu tiên tại Quảng Ninh.Tổng quan chiến lược đầu tư và phát triển Škoda tại Việt NamTheo thông tin công bố, toàn bộ dây chuyền sản xuất và lắp ráp của nhà máy được áp dụng các công nghệ tiên tiến, hiện đại hàng đầu của Škoda Auto, đạt tiêu chuẩn châu Âu với mức độ tự động hóa cao.﻿Hiện các khu vực phụ trợ như: đường thử, nhà văn phòng, trạm cấp LPG, trạm cấp nhiên liệu đều đã hoàn thành. Nhà máy sẵn sàng chạy thử từ cuối năm 2024 và vận hành thương mại từ đầu năm 2025.﻿﻿Trong giai đoạn đầu, nhà máy sẽ tập trung lắp ráp các mẫu SUV và Sedan hạng B, phù hợp với thị hiếu tiêu dùng của người Việt Nam. Dự kiến, hai mẫu xe đầu tiên là Kushaq và Slavia sẽ được ra mắt thị trường vào năm 2025 thuộc dạng CKD (xe lắp ráp trong nước từ linh kiện nhập khẩu 100%). Linh kiện lắp ráp dự kiến sẽ được nhập khẩu chủ yếu từ nhà máy của Škoda tại thành phố Pune (Ấn Độ).﻿Trong giai đoạn tiếp theo, nhà máy sẽ mở rộng sản xuất sang các dòng xe điện thân thiện với môi trường, theo đuổi công nghệ xanh, phù hợp với xu hướng phát triển bền vững của ngành công nghiệp ô tô toàn cầu.﻿Thương hiệu ﻿Škoda đã chính thức gia nhập Việt Nam từ tháng 9/2023, hiện đang bán các mẫu xe là Kodiaq, Karoq. Kế hoạch của hãng sẽ nhập khẩu nguyên chiếc từ châu Âu thêm các mẫu xe như Superb, Octavia, Enyaq iV và Enyaq coupe iV.Škoda Auto kỳ vọng sẽ đạt doanh số hàng năm 30.000 ô tô trong giai đoạn đầu và lên tới hơn 40.000 chiếc mỗi năm từ năm 2030, nhờ việc mở rộng mạng lưới phân phối lên hơn 50 đại lý, các cơ sở đầu tiên được đặt tại Hà Nội và TP.HCM.",vốn đầu tư
https://cafef.vn/quang-ngai-gap-rut-giai-ngan-von-dau-tu-cong-188241122135244423.chn,Quảng Ngãi gấp rút giải ngân vốn đầu tư công,22-11-2024 - 14:40 PM,"TIN MỚITheo Sở KH-ĐT tỉnh Quảng Ngãi, kế hoạch vốn đầu tư năm 2024 của tỉnh Quảng Ngãi giao hơn 6.902 tỉ đồng. Trong đó, nguồn vốn ngân sách địa phương hơn 5.045 tỉ đồng và ngân sách Trung ương hơn 1.857 tỉ đồng. Đến nay, tỉnh đã phân bổ chi tiết cho các nhiệm vụ, dự án đủ điều kiện giao vốn năm 2024 hơn 5.698 tỉ đồng, còn lại chưa phân khai hơn 1.205 tỉ đồng.Đến cuối tháng 10-2024, giải ngân khoảng 1.940 tỉ đồng, bằng 28,1% kế hoạch vốn giao. Ước đến hết tháng 11-2024, giải ngân khoảng 2.497 tỉ đồng, bằng 36,2% kế hoạch vốn giao.Quảng Ngãi quyết tâm đẩy nhanh các dự án trọng điểm giải ngân vốn đầu tư côngKết quả giải ngân của tỉnh trong 10 tháng vừa qua thấp hơn nhiều so với bình quân chung của cả nước và thấp hơn cùng kỳ năm 2023. Trong đó, các dự án trọng điểm, dự án giao thông liên vùng ven biển có tỉ lệ giải ngân rất thấp, tiến độ bàn giao mặt bằng chậm. Bên cạnh những nguyên nhân chủ quan, cố hữu ảnh hưởng đến tiến độ thực hiện, giải ngân kế hoạch vốn đầu tư công, trong quá trình triển khai thi công thực tế, việc thực hiện giải ngân vốn đầu tư gặp một số khó khăn, vướng mắc làm chậm tiến độ thi công và giải ngân vốn. Đặc biệt, vướng mắc lớn về công tác giải phóng mặt bằng.Ông Nguyễn Hoàng Giang, Chủ tịch UBND tỉnh Quảng Ngãi yêu cầu cả hệ thống chính trị phải nỗ lực, quyết tâm, tập trung tháo gỡ điểm nghẽn để đẩy nhanh tiến độ thực hiện các dự án, phấn đấu tỉ lệ giải ngân của tỉnh đến cuối năm 2024 đạt từ 80% trở lên.Ông Giang yêu cầu Ban Quản lý Dự án đầu tư xây dựng các công trình giao thông tỉnh (đơn vị chiếm tỉ lệ vốn đầu tư công lớn của tỉnh), cần nghiên cứu giải pháp, rà soát, tính toán phương án thực hiện các dự án, đảm bảo tỉ lệ giải ngân cao nhất để góp phần nâng cao tỉ lệ giải ngân của tỉnh trong năm nay.Chạy nước rút giải ngân vốn đầu tư công cuối năm",vốn đầu tư
https://cafef.vn/ong-lon-nganh-ban-le-aeon-mall-sap-lam-tttm-o-can-tho-von-dau-tu-5400-ty-dong-18824112016355592.chn,"""Ông lớn"" ngành bán lẻ Aeon Mall sắp làm TTTM ở Cần Thơ, vốn đầu tư 5.400 tỷ đồng",20-11-2024 - 16:35 PM,"TIN MỚITheo công thông tin điện tử TP. Cần Thơ đăng tải, dự án có quy mô sử dụng đất với tổng diện tích đất dự kiến nhận chuyển nhượng khoảng 84.998 m2 và phần đất nhà nước quản lý nằm xen kẽ trong dự án không đảm bảo điều kiện, tiêu chí để tách thành dự án độc lập có diện tích khoảng 3.871 m2.Dự án có tổng nguồn vốn đầu tư 5.400 tỷ đồng và tổng diện tích sàn xây dựng toàn dự án khoảng 195.073 m2 (không bao gồm tầng hầm).Trong đó, giai đoạn 1 (Trung tâm thương mại 01) có diện tích sàn xây dựng khoảng 113.921 m2, dự kiến hoàn thành các thủ tục hành chính có liên quan, khởi công, hoàn thành xây dựng và đưa công trình vào hoạt động trong thời hạn 36 tháng kể từ ngày được cấp Quyết định chấp thuận chủ trương đầu tư đồng thời chấp thuận nhà đầu tư.Giai đoạn 2 (Trung tâm thương mại 02 và toà nhà đỗ xe) có diện tích sàn xây dựng khoảng 81.152 m2, triển khai trong thời hạn 10 năm sau khi giai đoạn 1 khai trương và tùy vào tình hình kinh tế của địa phương và khu vực.Dự án Trung tâm Thương mại Aeon Mall Cần Thơ do Công ty Cổ phần Đầu tư Phát triển Hoa Lâm Cần Thơ đầu tư xây dựng.UBND thành phố Cần Thơ giao Sở Kế hoạch và Đầu tư chịu trách nhiệm toàn diện về những nội dung thẩm định chấp thuận chủ trương đầu tư đồng thời chấp thuận nhà đầu tư; đồng thời, xem xét cấp Giấy chứng nhận đăng ký đầu tư theo đề nghị của Nhà đầu tư đúng quy định; theo dõi giám sát quá trình triển khai dự án, hoạt động của dự án, báo cáo định kỳ cho Ủy ban nhân dân thành phố.",vốn đầu tư
https://cafef.vn/mot-tinh-co-loat-ong-lon-sun-group-bitexco-tt-do-ve-sap-co-them-hai-kcn-rong-hon-470ha-von-dau-tu-gan-5600-ty-dong-188241120121503726.chn,"Một tỉnh có loạt ""ông lớn"" Sun Group, Bitexco, T&T... đổ về sắp có thêm hai KCN rộng hơn 470ha, vốn đầu tư gần 5.600 tỷ đồng",20-11-2024 - 12:14 PM,"TIN MỚINgày 19/11, Phó Thủ tướng Trần Hồng Hà ký Quyết định số 1426/QĐ-TTg nvề chủ trương đầu tư dự án đầu tư xây dựng và kinh doanh kết cấu hạ tầng khu công nghiệp Đồng Văn VI, tỉnh Hà Nam.Theo chấp thuận của Phó Thủ tướng Trần Hồng Hà, Công ty cổ phần Cảng Quốc tế Hà Nam là nhà đầu tư dự án. Dự án được triển khai ở xã Tiên Ngoại, xã Yên Nam và xã Tiên Sơn, thị xã Duy Tiên, tỉnh Hà Nam với diện tích 250 ha, tổng nguồn vốn đầu tư là 2.975 tỷ đồng.Cùng ngày, Phó Thủ tướng Trần Hồng Hà ký Quyết định số 1425/QĐ-TTg về chủ trương đầu tư dự án đầu tư xây dựng và kinh doanh kết cấu hạ tầng khu công nghiệp Thanh Bình II - Giai đoạn I, tỉnh Hà Nam.Theo đó, Phó Thủ tướng chấp thuận chủ trương đầu tư đồng thời chấp thuận nhà đầu tư là Công ty TNHH Đầu tư Phát triển hạ tầng khu công nghiệp Thanh Bình.Dự án trên có quy mô diện tích là 226,6 ha với tổng nguồn vốn đầu tư là 2.610 tỷ đồng. Dự án được triển khai tại xã Thanh Nguyên và xã Thanh Hải, huyện Thanh Liêm, tỉnh Hà Nam. Thời hạn hoạt động của dự án là 50 năm kể từ ngày được Nhà nước cho thuê đất.Liên quan đến việc thực hiện 2 dự án này, Phó Thủ tướng yêu cầu Bộ Kế hoạch và Đầu tư chịu trách nhiệm về những nội dung được giao thẩm định chủ trương đầu tư dự án và thực hiện quản lý nhà nước về khu công nghiệp theo quy định của pháp luật về đầu tư và pháp luật có liên quan.Các Bộ có liên quan chịu trách nhiệm về nội dung thẩm định chủ trương đầu tư dự án thuộc chức năng, nhiệm vụ của mình theo quy định của pháp luật về đầu tư và pháp luật có liên quan.UBND tỉnh Hà Nam chịu trách nhiệm về tính trung thực, chính xác của thông tin, số liệu báo cáo và các nội dung thẩm định theo quy định của pháp luật. Đồng thời, chỉ đạo Ban Quản lý các khu công nghiệp tỉnh Hà Nam và các cơ quan có liên quan theo dõi, giám sát quá trình triển khai thực hiện dự án.Đối với Công ty Cổ phần Cảng Quốc tế Hà Nam và Công ty TNHH Đầu tư Phát triển hạ tầng khu công nghiệp Thanh Bình chịu trách nhiệm trước pháp luật về tính hợp pháp, chính xác, trung thực của nội dung hồ sơ dự án và văn bản gửi cơ quan nhà nước có thẩm quyền; tuân thủ quy định của pháp luật trong việc thực hiện dự án, thực hiện đầu tư xây dựng hệ thống kết cấu hạ tầng theo quy hoạch xây dựng của 2 khu công nghiệp đã được cấp có thẩm quyền phê duyệt.Đồng thời, chịu mọi rủi ro, chi phí và chịu hoàn toàn trách nhiệm theo quy định tại Điều 47 và Điều 48 Luật Đầu tư trong trường hợp vi phạm quy định của pháp luật về đầu tư và quy định khác của pháp luật về đất đai...﻿Đánh giá về thị trường bất động sản Hà Nam, bà Phạm Thị Miền - Phó viện trưởng Viện nghiên cứu đánh giá thị trường bất động sản Việt Nam (VARs IRE) cho biết, từ đầu năm đến 31/5/2024, toàn tỉnh Hà Nam thu hút 29 dự án (bằng 223% so với cùng kỳ năm 2023) và thực hiện điều chỉnh vốn 22 dự án (bằng 200% so với cùng kỳ năm 2023).Bình quân mỗi năm tỉnh Hà Nam có 10 dự án bất động sản mới được hình thành (trừ những năm Covid-19). Tính đến tháng 7/2024, toàn tỉnh hiện có khoảng 43 dự án nhà ở thương mại, khu đô thị có nhà ở cơ bản hoàn thành.Đối với phân khúc nhà ở, trong nửa đầu năm 2024, có 7 dự án nhà ở thương mại được chấp thuận chủ trương đầu tư, 3 dự án nhà ở thương mại được cấp phép xây dựng, 3 dự án nhà ở thương mại đủ điều kiện bán nhà ở hình thành trong tương lai. Riêng quý 2, toàn tỉnh chỉ có 1 dự án.Những năm gần đây, Hà Nam đã đẩy mạnh thu hút đầu tư vào các dự án bất động sản, trong đó có hàng loạt “ông lớn” đổ về như: Sun Group, Bitexco, BRG Group, T&T hay Icon4…Theo Phó viện trưởng VARs IRE, Hà Nam có nhiều tiềm năng, cơ hội phát triển bất động sản nhờ vị trí gần Thủ đô, mạng lưới giao thông đồng bộ, vốn đầu tư trong và ngoài nước gia tăng.… Tuy nhiên, bất động sản Hà Nam chưa “bật lên” được do các dự án phát triển vào khoảng thời gian trước có chất lượng và quy mô chưa tương xứng.﻿",vốn đầu tư
https://cafef.vn/tinh-dong-dan-nhat-ca-nuoc-sap-co-kcn-rong-gan-180ha-trai-dai-4-xa-tong-von-dau-tu-1320-ty-dong-188241120080845563.chn,"Tỉnh đông dân nhất cả nước sắp có KCN rộng gần 180ha trải dài 4 xã, tổng vốn đầu tư 1.320 tỷ đồng",20-11-2024 - 08:08 AM,"TIN MỚIẢnh minh họaQuyết định nêu rõ, chấp thuận chủ trương đầu tư dự án đầu tư xây dựng và kinh doanh hạ tầng khu công nghiệp WHA Smart Technology - Thanh Hóa, đồng thời chấp thuận các nhà đầu tư bao gồm: WHA Industrial Development 2 (SG) Pte. Ltd, Công ty TNHH WHA Industrial Management Services Việt Nam và Công ty cổ phần WHAUP Nghệ An.Mục tiêu dự án là đầu tư xây dựng và kinh doanh kết cấu hạ tầng khu công nghiệp. Quy mô sử dụng đất của dự án 178,51 ha. Địa điểm thực hiện dự án tại các xã Hoằng Quỳ, Hoằng Quý, Hoằng Xuyên và Hoằng Cát, huyện Hoằng Hóa, tỉnh Thanh Hóa.Tổng vốn đầu tư của dự án là 1.320 tỷ đồng, trong đó vốn góp của nhà đầu tư là 216 tỷ đồng.Thời hạn hoạt động của dự án 50 năm kể từ ngày dự án được chấp thuận chủ trương đầu tư đồng thời chấp thuận nhà đầu tư.Tiến độ thực hiện dự án không quá 36 tháng kể từ ngày tổ chức kinh tế thực hiện dự án do nhà đầu tư thành lập được Nhà nước bàn giao đất.Nhà đầu tư phải thực hiện các thủ tục về bảo vệ môi trường theo đúng quy địnhBộ Kế hoạch và Đầu tư chịu trách nhiệm về những nội dung được giao thẩm định chủ trương đầu tư dự án và thực hiện quản lý nhà nước về khu công nghiệp theo quy định của Luật Đầu tư và pháp luật có liên quan.Các Bộ có liên quan chịu trách nhiệm về nội dung thẩm định chủ trương đầu tư dự án thuộc chức năng, nhiệm vụ của mình theo quy định của Luật Đầu tư và pháp luật có liên quan.UBND tỉnh Thanh Hóa có trách nhiệm đảm bảo tính chính xác của thông tin, số liệu báo cáo, các nội dung thẩm định theo quy định của pháp luật; chịu trách nhiệm về sự phù hợp của dự án với các quy hoạch đã được cấp có thẩm quyền phê duyệt.Bên cạnh đó, tỉnh tổng hợp, đảm bảo dự án được phân bổ đủ chỉ tiêu đất khu công nghiệp để thực hiện theo tiến độ được phê duyệt và nằm trong phương án phân bổ và khoanh vùng đất đai trong quy hoạch tỉnh Thanh Hóa và kế hoạch sử dụng đất hàng năm của huyện Hoằng Hóa được cấp có thẩm quyền phê duyệt theo quy định của pháp luật về đất đai;Nhà đầu tư chịu trách nhiệm trước pháp luật về tính hợp pháp, chính xác, trung thực của nội dung hồ sơ dự án và văn bản gửi cơ quan nhà nước có thẩm quyền;",vốn đầu tư
https://cafef.vn/eximbank-bfast-bao-lanh-von-dau-tu-cong0-dongtiep-suc-doanh-nghiep-smes-188241114140150199.chn,Eximbank BFAST: Bảo lãnh vốn đầu tư công“0 đồng”tiếp sức doanh nghiệp SMEs,14-11-2024 - 15:30 PM,TIN MỚICHIA SẺ,vốn đầu tư
https://cafef.vn/9x-lap-ung-dung-ki-uc-tinh-yeu-co-50-trieu-nguoi-dung-khi-nhan-duoc-von-dau-tu-nguoi-ngoai-nghi-toi-rat-giau-nhung-thuc-chat-toi-van-o-mot-phong-tro-nho-ngay-gan-cong-ty-188241114122351162.chn,"9x lập ứng dụng ‘Kí ức tình yêu’ có 50 triệu người dùng: ‘Khi nhận được vốn đầu tư, người ngoài nghĩ tôi rất giàu, nhưng thực chất tôi vẫn ở một phòng trọ nhỏ - ngay gần công ty’",14-11-2024 - 13:23 PM,"TIN MỚIPhó Tiểu Long sinh năm 1992, anh khởi nghiệp 9 năm. Trong 9 năm này, anh tập trung phát triển một ứng dụng về tình yêu dành cho các cặp đôi có tên ""kí ức tình yêu"", với số người dùng đăng kí lên tới 50 triệu người dùng tại Trung Quốc.Bén duyên khởi nghiệp từ cấp 3Khi còn học cấp 3, mỗi tối Phó Tiểu Long đều nghe đài. Anh nhớ lại: ""Một hôm, tôi nghe một chương trình về kinh tế của đài truyền hình quốc gia, chương trình chia sẻ về câu chuyện khởi nghiệp, sáng lập một ứng dụng mạng truyền hình của một cựu sinh viên trường Khoa học kỹ thuật Hoa Trung, sau khi nghe xong câu chuyện này, tôi cảm thấy mình được truyền cảm hứng và lập ra mục tiêu thi vào trường Đại học khoa học kỹ thuật hoa trung, và quyết tâm khởi nghiệp.""Nghỉ hè năm nhất, Phó Tiểu Long tình cờ bắt gặp một người bạn cùng phòng đang nói chuyện với một đàn anh khóa trên,""người anh đó muốn nhờ cậu bạn cùng phòng gửi cho mình một phần mềm thiết kế mạch. Họ muốn tạo ra một nền tảng chia sẻ phim, phần mềm trong khuôn viên trường đại học, lúc đó tôi cũng vào nhóm, chúng tôi 4 người phân công công việc. Khoảng tháng 10 năm thứ 2, phần mềm chính thức được ra mắt, chỉ trong một học kỳ, có khoảng 10.000 sinh viên trong toàn trường đăng kí trang web của chúng tôi. Cá nhân tôi lúc đó cũng tập trung hết mình cho trang web này, tới nỗi bỏ bê việc học, tôi thậm chí còn bỏ tiết một môn học vì lơ là, nhưng bạn học nhắc nhở tôi không nên bỏ bê việc học nên chúng tôi đã quyết định dừng trang web này lại. Thực ra, trang web khi đó cũng không tạo ra lợi nhuận hay kiếm được tiền, chúng tôi khi đó cũng không quá đặt nặng vấn đề này, chỉ đơn giản là muốn thay đổi thế giới."",anh kể.Sau đó, Phó Tiểu Long gia nhập vào câu lạc bộ kỹ thuật nổi tiếng của trường, ""người sáng lập ra câu lạc bộ này là người tạo ra một trang web trò chơi khá có tiếng, nhà đầu tư đầu tiên cho web trò chơi này là Tăng Lí Thanh - một trong 5 người sáng lập ra Tencent, anh ấy được mời tới trường để xem và đánh giá các hạng mục kỹ thuật. Khi đó, tôi giới thiệu với Tăng tổng hai dự án, một là nền tảng chia sẻ dữ liệu trong trường học, một là ứng dụng dành cho các cặp đôi. Khi đó thì Tăng tổng có gợi ý ứng dụng về tình yêu có thị trường hơn, vì vậy tôi quyết định làm theo hướng đó.""1/2013, ứng dụng ""Kí ức tình yêu"" chính thức được ra mắt, trải qua hơn 6 tháng nâng cấp, nền tảng thu hút được hơn 100.000 người dùng.Kì nghỉ hè năm 2013, Phó Tiểu Long tình cờ biết tới một cuộc thi khởi nghiệp, người thắng cuộc sẽ nhận được 800.000 tệ (khoảng 2,8 tỷ đồng) tiền đầu tư. ""Chúng tôi đã thành công nhận được số tiền đó. Có số tiền này, chúng tôi lập tức thuê một căn hộ để làm văn phòng, số nhân viên từ 5-6 người tăng lên 10 người.""Sau khi công ty thành lập, trong năm đầu tiên, số lượng người dùng của ứng dụng ""Kí ức tình yêu"" tăng lên 1 triệu người dùng. Vì phải chi khá nhiều tiền, tiền lương nhân viên, tiền thuê phòng, tiền kĩ thuật nên 800 ngàn tệ đã được tiêu hết chỉ trong vòng 1 năm.Kể về giai đoạn hết tiền này, Phó Tiểu Long hồi tưởng: ""Chúng tôi lại đi tham gia các cuộc thi với hi vọng sẽ thu hút thêm một lượng tiền đầu tư. Và cũng rất may mắn khi đó chúng tôi nhận được 10 triệu tệ (khoảng 35,6 tỷ đồng) tiền đầu tư từ một công ty lớn. Sau khi có tiền, chúng tôi lập tức mở rộng số lượng nhân viên lên 40 người, chúng tôi cũng đầu tư vào quảng cáo nhiều hơn. Ngày thất tịch (ngày lễ tình nhân tại Trung Quốc), chúng tôi đầu tư 1 triệu tệ (khoảng 3,5 tỷ đồng) cho quảng cáo.""Tới năm 2015, thị trường thay đổi, nhiều nhà đầu tư đã hứa đầu tư cho công ty của Phó Tiểu Long đã rút lời, không đầu tư. ""Công ty bắt đầu có nợ, chúng tôi buộc phải giảm tải nhân viên, tới giữa năm 2016, công ty chỉ còn lại chưa tới 20 nhân viên, tới cuối năm 2016, số lượng nhân viên chỉ còn lại 5 - 6 người. nhưng lúc đó mấy người chúng tôi vẫn chưa muốn bỏ cuộc, sau đó chúng tôi may mắn dành được 2 triệu tệ (khoảng 7 tỷ đồng) từ quỹ cho người tài của thành phố, số tiền này cứu chúng tôi một mạng.""Có số tiền đầu tư này, Phó Tiểu Long nghĩ tới việc muốn làm một cái gì đó khác biệt,""vẫn tập trung vào các cặp đôi, tuy nhiên chúng tôi muốn mở rộng offline nên đã nghĩ tới việc mở các khách sạn tình yêu. Chúng tôi mở được 3 chi nhánh, giai đoạn đó chúng tôi luôn ở trong trạng thái các phòng được đặt hết mỗi ngày. Qua khoảng nửa năm chúng tôi nhận ra là tuy mỗi ngày phòng đều được đặt hết, nhưng công việc kinh doanh này không tạo ra lợi nhuận, thêm vào nữa mọi người cũng phải kiêm quá nhiều việc nên chúng tôi đã từ bỏ hình thức kinh doanh này. 2 triệu tệ đầu tư trước đó cũng lỗ hết sạch.""Đầu năm 2018, phát hiện ra ứng dụng ""kí ức tình yêu"" vẫn hoạt động, mỗi tháng vẫn có 50.000-60.000 người dùng hoạt động, mỗi tháng vẫn mang lại thu nhập 100.000 – 200.000 tệ (350 triệu – 700 triệu đồng),""lúc đó chúng tôi nghĩ ứng dụng này vẫn đáng để tiếp tục.""Suốt một năm 2018, Phó Tiểu Long không ngừng nâng cấp trải nghiệm khách hàng, tạo ra những tính năng mới, tới cuối năm 2018, số lượng người dùng hoạt động hàng tháng tăng lên hơn 100.000 người, thu nhập mỗi tháng cũng tăng lên gấp đôi, công ty bắt đầu đi vào quỹ đạo ổn định hơn.Hiện tại, lượng người đăng kí của ứng dụng đang ở con số 50 triệu người dùng, dẫn đầu trong lĩnh vực này.Quả ngọt của sự kiên trìNhìn lại cả quá trình khởi nghiệp của bản thân, Phó Tiểu Long luôn cảm thấy mình may mắn: ""Năm 2017, ở giai đoạn khó khăn nhất, khi buộc phải đóng cửa các khách sạn của mình, có một câu nói đã khích lệ tinh thần của tôi rất nhiều. Thắng lợi cuối cùng là kết quả của sự kiên trì. Khi đó tôi đã nghĩ mình không được từ bỏ, phải kiên trì, phải cải thiện. Chính niềm tin này đã khiến tôi không gục ngã khi gặp khó khăn và cũng ""ngộ"" ra được rất nhiều điều. Vì vậy, năm 2018 tôi mới quay lại với ứng dụng ""kí ức tình yêu"" của mình. Và khi quay lại bắt đầu lại mọi thứ, tốc độ làm cũng khá nhanh và cũng thuận lợi hơn.Mọi người có một hiểu lầm đó là sau khi công ty nhận được đầu tư, ông chủ sẽ có rất nhiều tiền, nhưng thực ra tiền đều được cho vào tài khoản của công ty. Hơn nữa trên thực tế, trong giai đoạn đầu, công ty luôn ở trong trạng thái thiếu tiền. Vì vậy trong giai đoạn này, nếu ông chủ thực sự nghĩ cho công ty, họ sẽ tìm mọi cách để tiết kiệm. Ở giai đoạn nhận được tiền đầu tư thứ hai, lương một tháng tôi tự phát cho mình cũng chỉ dừng lại ở mức vài ngàn tệ, và cũng chỉ thuê một căn phòng ngay bên cạnh văn phòng của công ty"",Phó Tiểu Long bộc bạch.Trước đó, Phó Tiểu Long luôn rất sùng bái những người làm nên mọi thứ từ hai bàn tay trắng,""Cá nhân tôi nghĩ, vì không có tiền nên mới khởi nghiệp, vì không có tiền mới thành có tiền, nhưng trải qua quá trình gần 10 năm trải nghiệm của mình, tôi nhận ra một người khởi nghiệp nếu có tiền, mọi thứ sẽ dễ dàng hơn rất nhiều. Nếu ban đầu có tiền đầu tư cho công ty vậy thì giai đoạn khởi động, tôi sẽ không cần đi huy động vốn, như vậy thì trong quá trình khởi nghiệp, suy nghĩ sẽ được đơn thuần hơn, khi không có quá nhiều lo lắng, chúng ta mới có thể đưa ra những sách lược đúng đắn hơn.""""Cả gan"" xin bố mẹ bán đất để vay 500 triệu khởi nghiệp với con cá hồi, hai anh em người Dao bán 2.000 đơn hàng, thu về hơn 300 triệu chỉ sau vài tháng",vốn đầu tư
https://cafef.vn/hai-phong-dong-tho-nha-may-ton-thep-von-dau-tu-45-trieu-usd-188241113091215657.chn,Hải Phòng: Động thổ nhà máy tôn thép vốn đầu tư 45 triệu USD,13-11-2024 - 10:12 AM,"TIN MỚINhà máy sản xuất tôn thép Việt Pháp có tổng diện tích 75.000m2, vốn đầu tư gần 45 triệu USD cho giai đoạn 1; công suất sản xuất lên đến 350.000 tấn sản phẩm tôn thép mỗi năm. Dự án do Công ty cổ phần Tôn thép Việt Pháp làm chủ đầu tư; Công ty cổ phần Xây lắp Hải Long làm tổng thầu thi công.Động thổ Nhà máy sản xuất tôn thép Việt Pháp tại KCN Nam Đình Vũ (Hải Phòng)Bà Mai Minh Nguyệt, Chủ tịch Hội đồng quản trị kiêm Tổng giám đốc Công ty Cổ phần tôn thép Việt Pháp cho biết, thời gian qua, công ty đã xuất khẩu thành công sản phẩm tôn thép đến nhiều thị trường lớn trên thế giới và được vinh danh là Thương hiệu Quốc gia năm 2024. Việc động thổ Nhà máy sản xuất tôn thép Việt Pháp số 2 tại KCN Nam Đình Vũ (Hải Phòng) là bước tiến quan trọng giúp nâng cao năng lực sản xuất của doanh nghiệp và nhu cầu ngày càng lớn của thị trường trong nước và quốc tế. Đặc biệt, vị trí của nhà máy nằm gần các cảng biển lớn và các tuyến đường kết nối quốc gia, giúp rút ngắn thời gian vận chuyển, tối ưu hóa chi phí logistics và tăng tính cạnh tranh cho sản phẩm Việt Nam trên thị trường thế giới.“Nhà máy số 2 sẽ áp dụng công nghệ sản xuất hiện đại nhất từ các đối tác quốc tế, đảm bảo tiêu chuẩn chất lượng cao, hiệu quả và thân thiện với môi trường. Khi hoàn thiện, nhà máy sẽ góp phần không chỉ cung cấp sản phẩm chất lượng mà còn thúc đẩy phát triển kinh tế địa phương, tạo ra hơn nhiều cơ hội lao động việc làm mới”.Bà Mai Minh Nguyệt, Chủ tịch Hội đồng quản trị kiêm Tổng giám đốc Công ty Cổ phần tôn thép Việt Pháp khẳng định Nhà máy sản xuất tôn thép số 2 sẽ áp dụng công nghệ sản xuất hiện đại, đảm bảo tiêu chuẩn chất lượng cao, hiệu quả và thân thiện với môi trường.Tại lễ động thổ, ông Lê Trung Kiên, Trưởng ban Ban quản lý Khu kinh tế Hải Phòng cho biết, đến thời điểm này, thành phố Hải Phòng đã thu hút được 32 tỉ USD vốn đầu tư trực tiếp nước ngoài (FDI) và 16 tỷ USD vốn đầu tư trong nước (DDI). Điều đó chứng minh môi trường đầu tư của Hải Phòng ngày càng hấp dẫn đối với các nhà đầu tư trong và ngoài nước. Ông Lê Trung Kiên đánh giá Nhà máy sản xuất tôn thép Việt Pháp 2 sẽ góp phần khẳng định vị thế của các doanh nghiệp trong nước; đồng thời nhấn mạnh, TP Hải Phòng và Ban quản lý Khu kinh tế thành phố cam kết hỗ trợ, tạo mọi điều kiện thuận lợi nhất cho doanh nghiệp hoạt động và phát triển sản xuất.Ông Lê Trung Kiên, Trưởng ban Ban quản lý Khu kinh tế Hải Phòng khẳng định, TP Hải Phòng cam kết hỗ trợ, tạo mọi điều kiện thuận lợi nhất cho doanh nghiệp hoạt động và phát triển sản xuất tại thành phố.“Đây là dự án mà Ban quản lý Khu kinh tế Hải Phòng đánh giá rất cao. Chúng tôi hiện nay quản lý rất nhiều doanh nghiệp lớn, nhỏ trong nước và ngoài nước; đặc biệt, chúng tôi rất quan tâm đến các dự án của các doanh nghiệp trong nước và doanh nghiệp phụ trợ. Dự án này cũng là một trong những dự án được kỳ vọng sẽ tham gia vào các chuỗi cung ứng và xuất nhập khẩu của thành phố”.",vốn đầu tư
https://cafef.vn/elon-musk-muon-chuyen-san-xuat-linh-kien-toi-viet-nam-1-dn-gap-rut-tang-von-dau-tu-tai-tinh-sat-ha-noi-188241113090428312.chn,"Elon Musk muốn chuyển sản xuất linh kiện tới Việt Nam, 1 DN gấp rút tăng vốn đầu tư tại tỉnh sát Hà Nội",13-11-2024 - 09:04 AM,"TIN MỚIElon Musk, ông chủ của SpaceX, hiện đang là người giàu nhất thế giới.Đó làcông ty Universal Microwave Technology.Đây là một nhà cung cấp linh kiện cho SpaceX, một trong những công ty của ông Elon Musk, tỷ phú giàu nhất thế giới hiện nay.Theo một bản công bố thông tin mới đây, Universal Microwave Technology (mã chứng khoán là 3491 tại TWSE, sàn chứng khoán Đài Loan (Trung Quốc),công ty này sẽ nâng vốn đầu tư tại Việt Nam lên 12 triệu USD, qua nhiều giai đoạn.Số vốn này sẽ được đưa vào Công ty TNHH Universal Microwave Technology (Việt Nam).Theo Universal Microwave Technology, khoản đầu tư tăng thêm này để phục vụ quá trình phát triển chung của công ty. Trong đó có việc lập thêm những cơ sở sản xuất nước ngoài nhằm tăng cường sự linh hoạt trong hoạt động và khả năng cạnh tranh của công ty.Trên thực tế, theo giấy chứng nhận được Ban quản lý các Khu công nghiệp tỉnh Vĩnh Phúc cấp hồi tháng 3/2024, Công ty TNHH Universal Microwave Technology (Việt Nam) đang có dự án đầu tư 5 triệu USD, với diện tích 3,360 m2 trong Khu công nghiệp Thăng Long Vĩnh Phúc.Theo giấy phép được cấp từ tháng 3,dự án của Công ty Universal Microwave Technology tại Vĩnh Phúc có công suất hàng năm bao gồm 48.000 linh kiện kim loại của vệ tinh, tương đương với 9,6 tấn và 7.200 linh kiện kim loại truyền dữ liệu (5G backhaul), tương ứng khoảng 2,4 tấn.Theo kế hoạch của chủ đầu tư dự án, Công ty TNHH Universal Microwave Technology (Việt Nam) sẽ lắp đặt máy móc, thiết bị và sản xuất thử trong tháng 10 - 11/2024 và sản xuất chính thức kể từ tháng 12/2024.Universal Microwave Technology được thành lập vào năm 1999. Các sản phẩm chính của công ty này bao gồm các thành phần và ăng-ten truyền thông thụ động tần số cao Vi sóng/sóng mm, với ứng dụng thị trường trong mạng lưới truyền dẫn không dây, truyền thông vệ tinh, truyền dẫn không dây băng thông rộng và trạm gốc truyền thông di động…Universal Microwave Technology hiện đang có đội ngũ R&D chất lượng và hiệu quả cao. Nhờ khả năng thiết lập phần mềm, phần cứng và thiết bị thử nghiệm tích hợp để quản lý sản phẩm mới… nên Universal Microwave Technology có thể nhanh chóng cung cấp các sản phẩm và dịch vụ tùy chỉnh theo yêu cầu của khách hàng, sau đó dẫn đến sản xuất hàng loạt…Nhiều công ty cung ứng thiết bị cho SpaceX đang chuyển sang Việt NamNhiều đối tác cung ứng thiết bị cho SpaceX đang chuyển hướng mở rộng sản xuất sang Việt Nam. Ảnh: Getty ImagesTrước đó, theoReuters, nhiều công ty cung ứng thiết bị Internet vệ tinh Starlink thuộc SpaceX, một doanh nghiệp của tỷ phú Elon Musk, đang dịch chuyển đầu từ ra khỏi Đài Loan (Trung Quốc). Các công ty có thể kể đến nhưWistron NeWeb Corporation, Universal Microwave Technology, Shenmao Technology.Đáng chú ý là cả 3 công ty đối tác của SpaceX này đều đang có kế hoạch xây dựng cơ sở sản xuất mới tại Việt Nam.Chẳng hạn, Wistron NeWeb Corporation, công ty chuyên cung ứng linh kiện cho SpaceX đang tiến hành sản xuất bộ định tuyến và thiết bị mạng dành cho Internet vệ tinh Starlink của tỷ phú Elon Musk tại một nhà máy ở tỉnh Hà Nam của Việt Nam.Nguồn tin củaReuterscho biết, việc các đối tác chuyển dịch hoặc mở rộng sản xuất sang Việt Nam phần lớn nguyên nhân là do yêu cầu của SpaceX. Sở dĩ SpaceX đưa ra yêu cầu này là do lo ngại rủi ro về địa chính trị.SpaceX được tỷ phú Elon Musk thành lập vào năm 2002, với tham vọng tập trung vào việc định hình lại ngành hàng không vũ trụ. Ảnh: NetflixTrước đó, ngày 25/9/2024, trong cuộc gặp với Tổng Bí thư Tô Lâm tại TP New York, ông Tim Hughes, Phó chủ tịch cấp cao SpaceX, cho biếttập đoàn có kế hoạch đầu tư 1,5 tỷ USD tại Việt Nam.Phó chủ tịch cấp cao SpaceX cho biết, SpaceX đã khởi động các dự án Internet vệ tinh từ cách đây 5 năm và hiện đang có hơn 6.000 vệ tinh ở quỹ đạo thấp, có thể cung cấp dịch vụ Internet Starlink gần như mọi nơi trên trái đất. Khi đó, Tổng Bí thư Tô Lâm đánh giá cao đề xuất đầu tư tại Việt Nam của Tập đoàn SpaceX và bày tỏ mong muốn đây sẽ là bước khởi đầu thuận lợi để thúc đẩy mạnh mẽ hơn nữa hợp tác giữa hai bên.Khi đó, Tổng Bí thư đánh giá cao đề xuất đầu tư tại Việt Nam của Tập đoàn SpaceX, đồng thời bày tỏ mong muốn đây sẽ là bước khởi đầu thuận lợi để thúc đẩy mạnh mẽ hơn nữa hợp tác giữa hai bên.Theo Tổng Bí thư, chính phủ Việt Nam đang nghiên cứu đề xuất của tập đoàn, và đề nghị SpaceX trao đổi và phối hợp chặt chẽ với các cơ quan hữu quan cũng như đối tác trong nước nhằm đảm bảo hiệu quả trong quá trình hoàn thiện các thủ tục chuẩn bị đầu tư. Đặc biệt, Tổng Bí thư kỳ vọng dịch vụ Starlink của SpaceX sẽ hỗ trợ Việt Nam ứng phó kịp thời và hiệu quả thiên tai trong tương lai.Bài tham khảo nguồn:Reuters, UMT, VGPDự án nhà máy nhiệt điện 2,2 tỷ USD tại Nam Định: 'Đắp chiếu' 7 năm, đang đề nghị chuyển từ than sang LNG trước áp lực bị thu hồi",vốn đầu tư
https://cafef.vn/khu-cong-nghiep-chau-duc-cua-szc-thu-hut-2-du-an-voi-tong-von-dau-tu-2700-ty-dong-188241112161550972.chn,Khu công nghiệp Châu Đức của SZC thu hút 2 dự án với tổng vốn đầu tư 2.700 tỷ đồng,12-11-2024 - 16:15 PM,"TIN MỚITheo thông tin từ Ban Quản lý các KCN tỉnh Bà Rịa - Vũng Tàu, trong tháng 10/2024, đã cấp mới Giấy chứng nhận đăng ký đầu tư cho 3 dự án vào các KCN, với tổng vốn đầu tư gần 2.700 tỷ đồng và 8 triệu USD (tức tổng cộng khoảng 2.900 tỷ đồng).Cụ thể, thứ nhất, dự án nhà máy tôn Vina One tại KCN Châu Đức quy mô 800.000 tấn sản phẩm/năm, vốn đầu tư đăng ký 2.500 tỷ đồng, diện tích đất sử dụng 12,02ha.Hai, dự án nhà máy sản xuất ngũ kim nội thất gia dụng tại KCN Châu Đức quy mô 9.500 tấn sản phẩm/năm, vốn đầu tư đăng ký 8 triệu USD (khoảng 203 tỷ đồng), diện tích đất sử dụng 2ha. Cả 2 dự án này đều tại Khu công nghiệp Châu Đức (do Sonadezi Châu Đức làm chủ đầu tư).Ba là dự án nhà máy sản xuất, gia công và lắp đặt các kết cấu cơ khí, khung nhà thép tiền chế... tại KCN Đất Đỏ I quy mô 10.000 tấn sản phẩm/năm, vốn đầu tư đăng ký 199 tỷ đồng, diện tích đất sử dụng 3,94ha.Đến nay, trong các KCN của tỉnh Bà Rịa - Vũng Tàu có 606 dự án đầu tư còn hiệu lực, bao gồm 290 dự án đầu tư trong nước, tổng vốn hơn 172.400 tỷ đồng và hơn 1 tỷ USD; 316 dự án đầu tư nước ngoài với tổng vốn 15,765 tỷ USD và 11,65 tỷ đồng. Tổng diện tích đất thuê gần 3.670 ha, đạt tỷ lệ lấp đầy 63,35% trên tổng số 14 KCN được chấp thuận chủ trương đầu tư.",vốn đầu tư
